,income,incomePredicted
27561, <=50K, <=50K
27562, <=50K, <=50K
27563, <=50K, <=50K
27564, <=50K, <=50K
27565, <=50K, <=50K
27566, <=50K, <=50K
27567, >50K, <=50K
27568, <=50K, <=50K
27569, <=50K, <=50K
27570, <=50K, <=50K
27571, <=50K, <=50K
27572, <=50K, <=50K
27573, <=50K, <=50K
27574, <=50K, <=50K
27575, <=50K, <=50K
27576, <=50K, <=50K
27577, >50K, <=50K
27578, <=50K, <=50K
27579, <=50K, <=50K
27580, <=50K, <=50K
27581, <=50K, >50K
27582, >50K, <=50K
27583, <=50K, <=50K
27584, <=50K, <=50K
27585, >50K, >50K
27586, >50K, <=50K
27587, <=50K, <=50K
27588, <=50K, <=50K
27589, <=50K, <=50K
27590, <=50K, <=50K
27591, <=50K, <=50K
27592, >50K, <=50K
27593, >50K, <=50K
27594, <=50K, <=50K
27595, >50K, <=50K
27596, >50K, <=50K
27597, <=50K, <=50K
27598, <=50K, <=50K
27599, <=50K, <=50K
27600, >50K, <=50K
27601, <=50K, <=50K
27602, >50K, <=50K
27603, >50K, <=50K
27604, <=50K, <=50K
27605, >50K, >50K
27606, <=50K, <=50K
27607, <=50K, <=50K
27608, <=50K, <=50K
27609, <=50K, <=50K
27610, >50K, >50K
27611, <=50K, <=50K
27612, <=50K, <=50K
27613, <=50K, <=50K
27614, <=50K, <=50K
27615, <=50K, <=50K
27616, <=50K, <=50K
27617, <=50K, >50K
27618, <=50K, <=50K
27619, >50K, >50K
27620, <=50K, <=50K
27621, <=50K, <=50K
27622, >50K, <=50K
27623, <=50K, <=50K
27624, <=50K, <=50K
27625, <=50K, <=50K
27626, <=50K, <=50K
27627, <=50K, <=50K
27628, <=50K, <=50K
27629, <=50K, <=50K
27630, <=50K, <=50K
27631, <=50K, <=50K
27632, <=50K, <=50K
27633, >50K, <=50K
27634, <=50K, <=50K
27635, >50K, >50K
27636, <=50K, <=50K
27637, >50K, <=50K
27638, <=50K, <=50K
27639, >50K, <=50K
27640, >50K, >50K
27641, >50K, >50K
27642, <=50K, <=50K
27643, <=50K, <=50K
27644, >50K, <=50K
27645, >50K, >50K
27646, >50K, <=50K
27647, <=50K, >50K
27648, <=50K, >50K
27649, <=50K, <=50K
27650, <=50K, <=50K
27651, >50K, >50K
27652, <=50K, <=50K
27653, <=50K, <=50K
27654, <=50K, <=50K
27655, >50K, >50K
27656, <=50K, <=50K
27657, <=50K, <=50K
27658, <=50K, <=50K
27659, <=50K, <=50K
27660, <=50K, >50K
27661, <=50K, <=50K
27662, >50K, >50K
27663, >50K, <=50K
27664, <=50K, <=50K
27665, <=50K, <=50K
27666, <=50K, <=50K
27667, <=50K, <=50K
27668, <=50K, <=50K
27669, <=50K, <=50K
27670, >50K, <=50K
27671, <=50K, <=50K
27672, <=50K, <=50K
27673, <=50K, <=50K
27674, <=50K, <=50K
27675, <=50K, <=50K
27676, <=50K, <=50K
27677, <=50K, <=50K
27678, >50K, <=50K
27679, <=50K, <=50K
27680, >50K, <=50K
27681, <=50K, <=50K
27682, <=50K, <=50K
27683, <=50K, <=50K
27684, <=50K, <=50K
27685, <=50K, <=50K
27686, <=50K, <=50K
27687, >50K, >50K
27688, <=50K, <=50K
27689, <=50K, <=50K
27690, <=50K, <=50K
27691, <=50K, <=50K
27692, >50K, <=50K
27693, <=50K, <=50K
27694, <=50K, <=50K
27695, <=50K, <=50K
27696, <=50K, <=50K
27697, <=50K, <=50K
27698, <=50K, <=50K
27699, <=50K, <=50K
27700, <=50K, <=50K
27701, <=50K, <=50K
27702, <=50K, <=50K
27703, <=50K, <=50K
27704, <=50K, <=50K
27705, <=50K, <=50K
27706, <=50K, <=50K
27707, <=50K, <=50K
27708, <=50K, <=50K
27709, >50K, <=50K
27710, >50K, <=50K
27711, <=50K, >50K
27712, <=50K, <=50K
27713, <=50K, <=50K
27714, <=50K, <=50K
27715, <=50K, <=50K
27716, <=50K, <=50K
27717, <=50K, <=50K
27718, <=50K, <=50K
27719, <=50K, <=50K
27720, <=50K, <=50K
27721, <=50K, <=50K
27722, >50K, >50K
27723, <=50K, <=50K
27724, >50K, <=50K
27725, <=50K, <=50K
27726, <=50K, <=50K
27727, >50K, <=50K
27728, <=50K, <=50K
27729, <=50K, <=50K
27730, <=50K, <=50K
27731, <=50K, <=50K
27732, <=50K, >50K
27733, <=50K, <=50K
27734, <=50K, <=50K
27735, >50K, <=50K
27736, >50K, <=50K
27737, <=50K, >50K
27738, >50K, >50K
27739, <=50K, <=50K
27740, <=50K, <=50K
27741, <=50K, <=50K
27742, <=50K, <=50K
27743, <=50K, <=50K
27744, <=50K, <=50K
27745, <=50K, <=50K
27746, <=50K, <=50K
27747, <=50K, <=50K
27748, <=50K, <=50K
27749, <=50K, <=50K
27750, >50K, <=50K
27751, <=50K, <=50K
27752, <=50K, <=50K
27753, >50K, >50K
27754, <=50K, <=50K
27755, <=50K, <=50K
27756, <=50K, <=50K
27757, >50K, >50K
27758, >50K, <=50K
27759, <=50K, <=50K
27760, <=50K, <=50K
27761, <=50K, <=50K
27762, <=50K, <=50K
27763, <=50K, <=50K
27764, <=50K, <=50K
27765, <=50K, <=50K
27766, <=50K, <=50K
27767, <=50K, <=50K
27768, <=50K, <=50K
27769, >50K, <=50K
27770, <=50K, <=50K
27771, >50K, >50K
27772, >50K, <=50K
27773, <=50K, <=50K
27774, <=50K, <=50K
27775, <=50K, <=50K
27776, <=50K, <=50K
27777, <=50K, <=50K
27778, <=50K, <=50K
27779, <=50K, <=50K
27780, >50K, <=50K
27781, >50K, >50K
27782, <=50K, <=50K
27783, <=50K, <=50K
27784, <=50K, <=50K
27785, <=50K, <=50K
27786, <=50K, <=50K
27787, <=50K, <=50K
27788, <=50K, <=50K
27789, >50K, <=50K
27790, <=50K, <=50K
27791, <=50K, <=50K
27792, <=50K, <=50K
27793, <=50K, <=50K
27794, <=50K, <=50K
27795, <=50K, <=50K
27796, >50K, <=50K
27797, <=50K, <=50K
27798, <=50K, <=50K
27799, <=50K, <=50K
27800, <=50K, <=50K
27801, <=50K, <=50K
27802, <=50K, <=50K
27803, <=50K, <=50K
27804, <=50K, <=50K
27805, >50K, <=50K
27806, <=50K, <=50K
27807, <=50K, <=50K
27808, <=50K, <=50K
27809, <=50K, <=50K
27810, <=50K, <=50K
27811, >50K, <=50K
27812, <=50K, <=50K
27813, >50K, >50K
27814, <=50K, <=50K
27815, <=50K, <=50K
27816, >50K, <=50K
27817, <=50K, <=50K
27818, <=50K, <=50K
27819, <=50K, <=50K
27820, <=50K, <=50K
27821, >50K, <=50K
27822, <=50K, <=50K
27823, <=50K, >50K
27824, <=50K, <=50K
27825, >50K, >50K
27826, <=50K, <=50K
27827, <=50K, <=50K
27828, <=50K, <=50K
27829, <=50K, <=50K
27830, <=50K, <=50K
27831, >50K, >50K
27832, >50K, <=50K
27833, <=50K, <=50K
27834, <=50K, <=50K
27835, <=50K, <=50K
27836, <=50K, <=50K
27837, >50K, <=50K
27838, >50K, <=50K
27839, <=50K, <=50K
27840, >50K, <=50K
27841, >50K, >50K
27842, <=50K, <=50K
27843, >50K, >50K
27844, <=50K, <=50K
27845, <=50K, <=50K
27846, <=50K, <=50K
27847, <=50K, <=50K
27848, <=50K, <=50K
27849, <=50K, <=50K
27850, <=50K, >50K
27851, <=50K, <=50K
27852, <=50K, <=50K
27853, <=50K, <=50K
27854, <=50K, <=50K
27855, >50K, <=50K
27856, >50K, >50K
27857, <=50K, <=50K
27858, <=50K, <=50K
27859, >50K, >50K
27860, <=50K, <=50K
27861, >50K, >50K
27862, >50K, <=50K
27863, >50K, <=50K
27864, <=50K, <=50K
27865, >50K, <=50K
27866, <=50K, <=50K
27867, <=50K, <=50K
27868, <=50K, >50K
27869, <=50K, <=50K
27870, <=50K, <=50K
27871, <=50K, <=50K
27872, >50K, >50K
27873, <=50K, >50K
27874, <=50K, <=50K
27875, <=50K, <=50K
27876, >50K, <=50K
27877, <=50K, <=50K
27878, >50K, <=50K
27879, <=50K, <=50K
27880, <=50K, <=50K
27881, <=50K, <=50K
27882, <=50K, <=50K
27883, <=50K, <=50K
27884, <=50K, <=50K
27885, <=50K, <=50K
27886, >50K, <=50K
27887, <=50K, <=50K
27888, <=50K, <=50K
27889, <=50K, <=50K
27890, <=50K, <=50K
27891, <=50K, <=50K
27892, >50K, <=50K
27893, <=50K, <=50K
27894, <=50K, <=50K
27895, <=50K, <=50K
27896, <=50K, <=50K
27897, >50K, <=50K
27898, <=50K, <=50K
27899, <=50K, <=50K
27900, <=50K, <=50K
27901, <=50K, <=50K
27902, <=50K, <=50K
27903, <=50K, >50K
27904, <=50K, <=50K
27905, <=50K, <=50K
27906, >50K, <=50K
27907, <=50K, <=50K
27908, >50K, >50K
27909, <=50K, <=50K
27910, <=50K, <=50K
27911, <=50K, <=50K
27912, <=50K, <=50K
27913, <=50K, <=50K
27914, <=50K, <=50K
27915, <=50K, <=50K
27916, >50K, >50K
27917, <=50K, <=50K
27918, <=50K, <=50K
27919, <=50K, <=50K
27920, <=50K, <=50K
27921, <=50K, <=50K
27922, <=50K, <=50K
27923, >50K, >50K
27924, <=50K, <=50K
27925, >50K, >50K
27926, >50K, >50K
27927, <=50K, <=50K
27928, >50K, <=50K
27929, <=50K, <=50K
27930, <=50K, <=50K
27931, <=50K, <=50K
27932, <=50K, <=50K
27933, <=50K, >50K
27934, <=50K, >50K
27935, <=50K, <=50K
27936, <=50K, <=50K
27937, <=50K, <=50K
27938, <=50K, <=50K
27939, >50K, <=50K
27940, <=50K, <=50K
27941, <=50K, <=50K
27942, >50K, >50K
27943, <=50K, <=50K
27944, <=50K, <=50K
27945, <=50K, <=50K
27946, <=50K, <=50K
27947, <=50K, <=50K
27948, >50K, >50K
27949, <=50K, <=50K
27950, >50K, <=50K
27951, >50K, <=50K
27952, <=50K, <=50K
27953, >50K, <=50K
27954, >50K, <=50K
27955, <=50K, <=50K
27956, <=50K, <=50K
27957, <=50K, <=50K
27958, <=50K, <=50K
27959, <=50K, <=50K
27960, <=50K, <=50K
27961, <=50K, <=50K
27962, <=50K, <=50K
27963, <=50K, <=50K
27964, <=50K, <=50K
27965, <=50K, >50K
27966, <=50K, <=50K
27967, >50K, >50K
27968, <=50K, >50K
27969, <=50K, <=50K
27970, >50K, <=50K
27971, <=50K, <=50K
27972, >50K, >50K
27973, >50K, <=50K
27974, <=50K, <=50K
27975, <=50K, <=50K
27976, >50K, >50K
27977, <=50K, <=50K
27978, >50K, <=50K
27979, >50K, >50K
27980, >50K, <=50K
27981, <=50K, <=50K
27982, <=50K, <=50K
27983, <=50K, <=50K
27984, <=50K, <=50K
27985, <=50K, <=50K
27986, <=50K, <=50K
27987, <=50K, <=50K
27988, >50K, <=50K
27989, <=50K, <=50K
27990, <=50K, <=50K
27991, <=50K, <=50K
27992, <=50K, <=50K
27993, <=50K, <=50K
27994, >50K, <=50K
27995, <=50K, <=50K
27996, <=50K, <=50K
27997, <=50K, <=50K
27998, <=50K, <=50K
27999, <=50K, <=50K
28000, <=50K, <=50K
28001, >50K, <=50K
28002, >50K, <=50K
28003, <=50K, <=50K
28004, <=50K, <=50K
28005, <=50K, <=50K
28006, <=50K, >50K
28007, <=50K, <=50K
28008, <=50K, <=50K
28009, <=50K, <=50K
28010, <=50K, <=50K
28011, <=50K, <=50K
28012, <=50K, <=50K
28013, <=50K, <=50K
28014, <=50K, <=50K
28015, <=50K, <=50K
28016, <=50K, <=50K
28017, <=50K, <=50K
28018, <=50K, <=50K
28019, <=50K, <=50K
28020, <=50K, <=50K
28021, <=50K, <=50K
28022, >50K, <=50K
28023, <=50K, <=50K
28024, <=50K, <=50K
28025, <=50K, <=50K
28026, <=50K, <=50K
28027, >50K, <=50K
28028, <=50K, <=50K
28029, <=50K, <=50K
28030, <=50K, <=50K
28031, <=50K, <=50K
28032, <=50K, <=50K
28033, <=50K, <=50K
28034, <=50K, <=50K
28035, <=50K, <=50K
28036, <=50K, <=50K
28037, <=50K, <=50K
28038, <=50K, <=50K
28039, <=50K, <=50K
28040, <=50K, <=50K
28041, <=50K, <=50K
28042, <=50K, <=50K
28043, <=50K, <=50K
28044, <=50K, <=50K
28045, <=50K, <=50K
28046, <=50K, >50K
28047, <=50K, <=50K
28048, <=50K, <=50K
28049, <=50K, <=50K
28050, >50K, >50K
28051, <=50K, <=50K
28052, <=50K, <=50K
28053, <=50K, <=50K
28054, >50K, >50K
28055, <=50K, <=50K
28056, <=50K, <=50K
28057, <=50K, <=50K
28058, >50K, <=50K
28059, >50K, <=50K
28060, <=50K, <=50K
28061, <=50K, <=50K
28062, >50K, >50K
28063, >50K, >50K
28064, >50K, <=50K
28065, <=50K, <=50K
28066, <=50K, <=50K
28067, <=50K, <=50K
28068, <=50K, <=50K
28069, >50K, >50K
28070, <=50K, <=50K
28071, <=50K, <=50K
28072, >50K, <=50K
28073, <=50K, <=50K
28074, <=50K, <=50K
28075, <=50K, <=50K
28076, >50K, <=50K
28077, <=50K, <=50K
28078, <=50K, <=50K
28079, <=50K, <=50K
28080, <=50K, <=50K
28081, >50K, <=50K
28082, >50K, >50K
28083, <=50K, <=50K
28084, <=50K, <=50K
28085, >50K, <=50K
28086, <=50K, <=50K
28087, >50K, >50K
28088, >50K, <=50K
28089, <=50K, <=50K
28090, <=50K, <=50K
28091, <=50K, <=50K
28092, <=50K, <=50K
28093, <=50K, <=50K
28094, >50K, <=50K
28095, <=50K, <=50K
28096, <=50K, <=50K
28097, <=50K, <=50K
28098, <=50K, <=50K
28099, >50K, <=50K
28100, <=50K, <=50K
28101, <=50K, <=50K
28102, <=50K, <=50K
28103, >50K, <=50K
28104, <=50K, <=50K
28105, <=50K, <=50K
28106, <=50K, <=50K
28107, >50K, <=50K
28108, <=50K, <=50K
28109, <=50K, <=50K
28110, <=50K, <=50K
28111, >50K, <=50K
28112, <=50K, <=50K
28113, <=50K, <=50K
28114, <=50K, <=50K
28115, >50K, <=50K
28116, >50K, >50K
28117, <=50K, <=50K
28118, <=50K, <=50K
28119, <=50K, <=50K
28120, <=50K, <=50K
28121, <=50K, <=50K
28122, <=50K, <=50K
28123, >50K, <=50K
28124, <=50K, <=50K
28125, <=50K, <=50K
28126, >50K, <=50K
28127, <=50K, <=50K
28128, <=50K, <=50K
28129, <=50K, <=50K
28130, <=50K, <=50K
28131, <=50K, <=50K
28132, <=50K, <=50K
28133, <=50K, <=50K
28134, >50K, <=50K
28135, <=50K, <=50K
28136, >50K, >50K
28137, <=50K, <=50K
28138, <=50K, >50K
28139, >50K, <=50K
28140, <=50K, <=50K
28141, <=50K, <=50K
28142, <=50K, <=50K
28143, >50K, >50K
28144, <=50K, <=50K
28145, <=50K, <=50K
28146, <=50K, <=50K
28147, <=50K, <=50K
28148, <=50K, <=50K
28149, <=50K, <=50K
28150, <=50K, <=50K
28151, <=50K, <=50K
28152, <=50K, <=50K
28153, >50K, >50K
28154, <=50K, <=50K
28155, >50K, <=50K
28156, <=50K, <=50K
28157, <=50K, <=50K
28158, <=50K, <=50K
28159, >50K, <=50K
28160, >50K, <=50K
28161, >50K, >50K
28162, <=50K, <=50K
28163, <=50K, <=50K
28164, >50K, >50K
28165, <=50K, <=50K
28166, <=50K, <=50K
28167, <=50K, <=50K
28168, <=50K, <=50K
28169, <=50K, <=50K
28170, <=50K, <=50K
28171, <=50K, <=50K
28172, >50K, >50K
28173, >50K, >50K
28174, >50K, <=50K
28175, <=50K, <=50K
28176, >50K, <=50K
28177, <=50K, <=50K
28178, <=50K, <=50K
28179, <=50K, <=50K
28180, <=50K, <=50K
28181, <=50K, <=50K
28182, <=50K, <=50K
28183, <=50K, <=50K
28184, <=50K, <=50K
28185, >50K, <=50K
28186, <=50K, <=50K
28187, <=50K, <=50K
28188, <=50K, <=50K
28189, <=50K, <=50K
28190, <=50K, <=50K
28191, <=50K, >50K
28192, <=50K, <=50K
28193, <=50K, >50K
28194, <=50K, <=50K
28195, <=50K, <=50K
28196, <=50K, >50K
28197, >50K, >50K
28198, <=50K, >50K
28199, <=50K, <=50K
28200, <=50K, >50K
28201, >50K, <=50K
28202, >50K, >50K
28203, <=50K, <=50K
28204, >50K, <=50K
28205, <=50K, <=50K
28206, <=50K, <=50K
28207, <=50K, <=50K
28208, >50K, <=50K
28209, >50K, <=50K
28210, <=50K, <=50K
28211, <=50K, <=50K
28212, <=50K, <=50K
28213, <=50K, <=50K
28214, >50K, >50K
28215, <=50K, <=50K
28216, <=50K, <=50K
28217, <=50K, <=50K
28218, <=50K, <=50K
28219, <=50K, <=50K
28220, <=50K, <=50K
28221, <=50K, <=50K
28222, <=50K, <=50K
28223, <=50K, <=50K
28224, >50K, <=50K
28225, <=50K, <=50K
28226, <=50K, <=50K
28227, <=50K, <=50K
28228, <=50K, <=50K
28229, >50K, <=50K
28230, <=50K, <=50K
28231, >50K, >50K
28232, <=50K, <=50K
28233, >50K, <=50K
28234, >50K, <=50K
28235, <=50K, <=50K
28236, <=50K, <=50K
28237, <=50K, <=50K
28238, <=50K, <=50K
28239, <=50K, <=50K
28240, <=50K, <=50K
28241, <=50K, <=50K
28242, <=50K, <=50K
28243, >50K, >50K
28244, >50K, >50K
28245, >50K, <=50K
28246, >50K, <=50K
28247, <=50K, <=50K
28248, <=50K, <=50K
28249, <=50K, <=50K
28250, <=50K, <=50K
28251, <=50K, <=50K
28252, <=50K, <=50K
28253, <=50K, <=50K
28254, <=50K, <=50K
28255, >50K, <=50K
28256, >50K, >50K
28257, <=50K, <=50K
28258, >50K, <=50K
28259, <=50K, >50K
28260, <=50K, <=50K
28261, >50K, >50K
28262, <=50K, <=50K
28263, <=50K, <=50K
28264, >50K, >50K
28265, <=50K, <=50K
28266, >50K, >50K
28267, >50K, >50K
28268, <=50K, <=50K
28269, <=50K, <=50K
28270, >50K, <=50K
28271, <=50K, <=50K
28272, >50K, >50K
28273, <=50K, <=50K
28274, <=50K, <=50K
28275, <=50K, <=50K
28276, <=50K, <=50K
28277, <=50K, <=50K
28278, <=50K, <=50K
28279, <=50K, <=50K
28280, <=50K, <=50K
28281, <=50K, <=50K
28282, <=50K, <=50K
28283, <=50K, <=50K
28284, <=50K, <=50K
28285, <=50K, <=50K
28286, >50K, <=50K
28287, <=50K, <=50K
28288, >50K, >50K
28289, <=50K, <=50K
28290, <=50K, <=50K
28291, <=50K, <=50K
28292, <=50K, <=50K
28293, <=50K, <=50K
28294, >50K, >50K
28295, <=50K, <=50K
28296, <=50K, <=50K
28297, <=50K, <=50K
28298, >50K, <=50K
28299, <=50K, <=50K
28300, >50K, <=50K
28301, >50K, <=50K
28302, <=50K, <=50K
28303, <=50K, <=50K
28304, <=50K, <=50K
28305, <=50K, <=50K
28306, <=50K, <=50K
28307, <=50K, <=50K
28308, >50K, <=50K
28309, <=50K, <=50K
28310, >50K, <=50K
28311, <=50K, <=50K
28312, >50K, <=50K
28313, <=50K, <=50K
28314, <=50K, <=50K
28315, >50K, <=50K
28316, <=50K, <=50K
28317, <=50K, <=50K
28318, >50K, >50K
28319, <=50K, <=50K
28320, >50K, <=50K
28321, <=50K, <=50K
28322, >50K, <=50K
28323, <=50K, <=50K
28324, <=50K, <=50K
28325, >50K, >50K
28326, <=50K, <=50K
28327, <=50K, <=50K
28328, <=50K, <=50K
28329, >50K, <=50K
28330, <=50K, <=50K
28331, <=50K, <=50K
28332, <=50K, <=50K
28333, <=50K, >50K
28334, <=50K, <=50K
28335, <=50K, <=50K
28336, <=50K, <=50K
28337, >50K, >50K
28338, <=50K, <=50K
28339, >50K, <=50K
28340, <=50K, <=50K
28341, <=50K, <=50K
28342, >50K, <=50K
28343, <=50K, <=50K
28344, <=50K, <=50K
28345, <=50K, <=50K
28346, >50K, <=50K
28347, <=50K, <=50K
28348, >50K, >50K
28349, >50K, >50K
28350, <=50K, <=50K
28351, <=50K, <=50K
28352, <=50K, <=50K
28353, <=50K, <=50K
28354, >50K, <=50K
28355, <=50K, <=50K
28356, <=50K, <=50K
28357, <=50K, <=50K
28358, <=50K, <=50K
28359, >50K, <=50K
28360, <=50K, <=50K
28361, <=50K, <=50K
28362, >50K, <=50K
28363, >50K, <=50K
28364, <=50K, <=50K
28365, <=50K, <=50K
28366, >50K, <=50K
28367, <=50K, <=50K
28368, <=50K, <=50K
28369, <=50K, <=50K
28370, <=50K, <=50K
28371, >50K, <=50K
28372, <=50K, <=50K
28373, <=50K, <=50K
28374, <=50K, >50K
28375, <=50K, <=50K
28376, <=50K, <=50K
28377, <=50K, <=50K
28378, >50K, <=50K
28379, >50K, >50K
28380, <=50K, <=50K
28381, <=50K, <=50K
28382, <=50K, <=50K
28383, <=50K, <=50K
28384, <=50K, <=50K
28385, <=50K, <=50K
28386, <=50K, <=50K
28387, <=50K, <=50K
28388, <=50K, <=50K
28389, >50K, <=50K
28390, <=50K, <=50K
28391, <=50K, <=50K
28392, <=50K, >50K
28393, >50K, <=50K
28394, <=50K, <=50K
28395, <=50K, <=50K
28396, <=50K, <=50K
28397, >50K, <=50K
28398, <=50K, <=50K
28399, <=50K, <=50K
28400, <=50K, <=50K
28401, <=50K, <=50K
28402, <=50K, <=50K
28403, <=50K, <=50K
28404, <=50K, <=50K
28405, <=50K, <=50K
28406, <=50K, <=50K
28407, <=50K, <=50K
28408, <=50K, <=50K
28409, <=50K, <=50K
28410, <=50K, <=50K
28411, <=50K, <=50K
28412, <=50K, <=50K
28413, <=50K, <=50K
28414, <=50K, <=50K
28415, <=50K, <=50K
28416, <=50K, <=50K
28417, >50K, >50K
28418, <=50K, <=50K
28419, >50K, <=50K
28420, <=50K, <=50K
28421, <=50K, <=50K
28422, <=50K, <=50K
28423, <=50K, >50K
28424, <=50K, <=50K
28425, <=50K, <=50K
28426, <=50K, <=50K
28427, <=50K, <=50K
28428, >50K, <=50K
28429, <=50K, <=50K
28430, <=50K, <=50K
28431, <=50K, <=50K
28432, <=50K, <=50K
28433, >50K, >50K
28434, <=50K, <=50K
28435, <=50K, <=50K
28436, <=50K, <=50K
28437, <=50K, <=50K
28438, <=50K, <=50K
28439, <=50K, <=50K
28440, <=50K, <=50K
28441, <=50K, <=50K
28442, <=50K, <=50K
28443, <=50K, <=50K
28444, <=50K, <=50K
28445, <=50K, <=50K
28446, >50K, >50K
28447, >50K, <=50K
28448, <=50K, <=50K
28449, <=50K, <=50K
28450, <=50K, <=50K
28451, <=50K, <=50K
28452, >50K, >50K
28453, >50K, <=50K
28454, >50K, >50K
28455, <=50K, <=50K
28456, <=50K, <=50K
28457, >50K, <=50K
28458, <=50K, <=50K
28459, >50K, >50K
28460, <=50K, <=50K
28461, <=50K, <=50K
28462, <=50K, <=50K
28463, <=50K, <=50K
28464, <=50K, <=50K
28465, <=50K, <=50K
28466, <=50K, <=50K
28467, <=50K, <=50K
28468, <=50K, <=50K
28469, >50K, >50K
28470, >50K, <=50K
28471, >50K, <=50K
28472, <=50K, <=50K
28473, <=50K, <=50K
28474, <=50K, <=50K
28475, >50K, <=50K
28476, <=50K, <=50K
28477, <=50K, <=50K
28478, <=50K, <=50K
28479, <=50K, <=50K
28480, <=50K, <=50K
28481, <=50K, <=50K
28482, <=50K, <=50K
28483, <=50K, <=50K
28484, <=50K, <=50K
28485, <=50K, <=50K
28486, <=50K, <=50K
28487, <=50K, <=50K
28488, <=50K, <=50K
28489, >50K, >50K
28490, <=50K, <=50K
28491, <=50K, <=50K
28492, <=50K, <=50K
28493, <=50K, <=50K
28494, <=50K, <=50K
28495, <=50K, <=50K
28496, <=50K, >50K
28497, <=50K, <=50K
28498, <=50K, <=50K
28499, <=50K, <=50K
28500, <=50K, <=50K
28501, <=50K, <=50K
28502, <=50K, <=50K
28503, <=50K, <=50K
28504, <=50K, <=50K
28505, <=50K, <=50K
28506, >50K, <=50K
28507, <=50K, <=50K
28508, <=50K, <=50K
28509, <=50K, >50K
28510, >50K, <=50K
28511, >50K, <=50K
28512, <=50K, <=50K
28513, <=50K, <=50K
28514, <=50K, <=50K
28515, <=50K, <=50K
28516, <=50K, <=50K
28517, <=50K, <=50K
28518, <=50K, <=50K
28519, >50K, >50K
28520, <=50K, <=50K
28521, <=50K, <=50K
28522, >50K, <=50K
28523, >50K, <=50K
28524, <=50K, <=50K
28525, <=50K, >50K
28526, <=50K, <=50K
28527, <=50K, >50K
28528, >50K, <=50K
28529, <=50K, <=50K
28530, >50K, <=50K
28531, <=50K, <=50K
28532, <=50K, <=50K
28533, <=50K, <=50K
28534, <=50K, <=50K
28535, <=50K, <=50K
28536, >50K, <=50K
28537, >50K, <=50K
28538, >50K, <=50K
28539, <=50K, <=50K
28540, <=50K, <=50K
28541, <=50K, <=50K
28542, <=50K, <=50K
28543, >50K, <=50K
28544, <=50K, <=50K
28545, >50K, <=50K
28546, <=50K, <=50K
28547, <=50K, <=50K
28548, <=50K, <=50K
28549, <=50K, <=50K
28550, >50K, >50K
28551, >50K, <=50K
28552, <=50K, <=50K
28553, >50K, <=50K
28554, <=50K, <=50K
28555, <=50K, <=50K
28556, <=50K, <=50K
28557, >50K, <=50K
28558, <=50K, <=50K
28559, <=50K, <=50K
28560, <=50K, <=50K
28561, >50K, <=50K
28562, >50K, <=50K
28563, >50K, <=50K
28564, <=50K, <=50K
28565, <=50K, <=50K
28566, <=50K, <=50K
28567, <=50K, <=50K
28568, <=50K, <=50K
28569, <=50K, <=50K
28570, >50K, <=50K
28571, <=50K, <=50K
28572, <=50K, <=50K
28573, <=50K, <=50K
28574, <=50K, <=50K
28575, <=50K, <=50K
28576, <=50K, <=50K
28577, <=50K, <=50K
28578, <=50K, <=50K
28579, <=50K, <=50K
28580, <=50K, <=50K
28581, <=50K, <=50K
28582, <=50K, <=50K
28583, <=50K, >50K
28584, <=50K, <=50K
28585, <=50K, >50K
28586, <=50K, <=50K
28587, <=50K, <=50K
28588, <=50K, <=50K
28589, <=50K, <=50K
28590, <=50K, <=50K
28591, <=50K, <=50K
28592, <=50K, <=50K
28593, <=50K, <=50K
28594, >50K, <=50K
28595, <=50K, <=50K
28596, >50K, <=50K
28597, <=50K, <=50K
28598, <=50K, <=50K
28599, <=50K, <=50K
28600, <=50K, <=50K
28601, >50K, <=50K
28602, <=50K, <=50K
28603, <=50K, <=50K
28604, <=50K, >50K
28605, <=50K, <=50K
28606, <=50K, <=50K
28607, >50K, >50K
28608, <=50K, <=50K
28609, <=50K, <=50K
28610, >50K, <=50K
28611, <=50K, <=50K
28612, <=50K, <=50K
28613, >50K, >50K
28614, <=50K, <=50K
28615, <=50K, <=50K
28616, >50K, <=50K
28617, <=50K, <=50K
28618, <=50K, <=50K
28619, <=50K, <=50K
28620, <=50K, <=50K
28621, <=50K, <=50K
28622, <=50K, <=50K
28623, <=50K, <=50K
28624, <=50K, <=50K
28625, <=50K, <=50K
28626, >50K, >50K
28627, <=50K, <=50K
28628, >50K, <=50K
28629, >50K, >50K
28630, <=50K, <=50K
28631, >50K, <=50K
28632, <=50K, <=50K
28633, <=50K, <=50K
28634, <=50K, <=50K
28635, <=50K, <=50K
28636, <=50K, <=50K
28637, <=50K, <=50K
28638, <=50K, <=50K
28639, <=50K, <=50K
28640, <=50K, >50K
28641, <=50K, <=50K
28642, >50K, <=50K
28643, <=50K, <=50K
28644, <=50K, <=50K
28645, >50K, >50K
28646, <=50K, <=50K
28647, <=50K, <=50K
28648, <=50K, <=50K
28649, <=50K, <=50K
28650, >50K, >50K
28651, >50K, <=50K
28652, >50K, >50K
28653, <=50K, <=50K
28654, <=50K, <=50K
28655, <=50K, <=50K
28656, <=50K, <=50K
28657, <=50K, <=50K
28658, >50K, <=50K
28659, <=50K, <=50K
28660, <=50K, <=50K
28661, <=50K, >50K
28662, <=50K, <=50K
28663, <=50K, <=50K
28664, <=50K, <=50K
28665, <=50K, <=50K
28666, <=50K, <=50K
28667, <=50K, <=50K
28668, <=50K, <=50K
28669, >50K, >50K
28670, <=50K, <=50K
28671, >50K, <=50K
28672, <=50K, <=50K
28673, <=50K, <=50K
28674, <=50K, <=50K
28675, >50K, >50K
28676, <=50K, >50K
28677, <=50K, <=50K
28678, >50K, <=50K
28679, <=50K, <=50K
28680, >50K, <=50K
28681, <=50K, <=50K
28682, <=50K, <=50K
28683, <=50K, <=50K
28684, <=50K, <=50K
28685, <=50K, <=50K
28686, <=50K, <=50K
28687, >50K, <=50K
28688, <=50K, <=50K
28689, <=50K, <=50K
28690, >50K, >50K
28691, <=50K, <=50K
28692, <=50K, <=50K
28693, <=50K, <=50K
28694, <=50K, <=50K
28695, <=50K, <=50K
28696, <=50K, <=50K
28697, <=50K, <=50K
28698, >50K, <=50K
28699, <=50K, <=50K
28700, >50K, <=50K
28701, <=50K, <=50K
28702, >50K, <=50K
28703, >50K, <=50K
28704, >50K, <=50K
28705, >50K, <=50K
28706, >50K, <=50K
28707, <=50K, <=50K
28708, <=50K, <=50K
28709, <=50K, <=50K
28710, <=50K, <=50K
28711, <=50K, <=50K
28712, <=50K, <=50K
28713, <=50K, <=50K
28714, <=50K, <=50K
28715, <=50K, <=50K
28716, <=50K, <=50K
28717, >50K, <=50K
28718, >50K, <=50K
28719, <=50K, <=50K
28720, >50K, <=50K
28721, <=50K, <=50K
28722, <=50K, <=50K
28723, >50K, <=50K
28724, >50K, <=50K
28725, <=50K, <=50K
28726, <=50K, <=50K
28727, <=50K, <=50K
28728, >50K, >50K
28729, >50K, <=50K
28730, >50K, >50K
28731, <=50K, <=50K
28732, >50K, <=50K
28733, <=50K, <=50K
28734, <=50K, <=50K
28735, >50K, <=50K
28736, <=50K, <=50K
28737, <=50K, <=50K
28738, >50K, >50K
28739, <=50K, <=50K
28740, >50K, <=50K
28741, <=50K, <=50K
28742, <=50K, <=50K
28743, <=50K, <=50K
28744, <=50K, <=50K
28745, >50K, >50K
28746, >50K, >50K
28747, >50K, >50K
28748, >50K, <=50K
28749, <=50K, <=50K
28750, <=50K, <=50K
28751, <=50K, <=50K
28752, <=50K, <=50K
28753, <=50K, <=50K
28754, <=50K, <=50K
28755, >50K, <=50K
28756, <=50K, <=50K
28757, <=50K, <=50K
28758, <=50K, <=50K
28759, >50K, <=50K
28760, <=50K, <=50K
28761, <=50K, <=50K
28762, <=50K, <=50K
28763, <=50K, <=50K
28764, >50K, <=50K
28765, <=50K, <=50K
28766, <=50K, <=50K
28767, <=50K, <=50K
28768, <=50K, >50K
28769, <=50K, <=50K
28770, <=50K, <=50K
28771, <=50K, <=50K
28772, <=50K, <=50K
28773, <=50K, <=50K
28774, <=50K, >50K
28775, <=50K, <=50K
28776, >50K, <=50K
28777, <=50K, <=50K
28778, >50K, <=50K
28779, <=50K, <=50K
28780, <=50K, <=50K
28781, <=50K, <=50K
28782, <=50K, <=50K
28783, <=50K, <=50K
28784, <=50K, <=50K
28785, <=50K, <=50K
28786, <=50K, <=50K
28787, <=50K, <=50K
28788, >50K, <=50K
28789, <=50K, <=50K
28790, >50K, >50K
28791, <=50K, <=50K
28792, <=50K, <=50K
28793, <=50K, <=50K
28794, <=50K, <=50K
28795, <=50K, <=50K
28796, >50K, <=50K
28797, <=50K, <=50K
28798, >50K, <=50K
28799, >50K, <=50K
28800, <=50K, <=50K
28801, >50K, >50K
28802, <=50K, <=50K
28803, >50K, <=50K
28804, <=50K, <=50K
28805, >50K, >50K
28806, <=50K, <=50K
28807, <=50K, <=50K
28808, <=50K, <=50K
28809, <=50K, <=50K
28810, <=50K, <=50K
28811, <=50K, <=50K
28812, >50K, <=50K
28813, <=50K, <=50K
28814, >50K, <=50K
28815, <=50K, <=50K
28816, <=50K, <=50K
28817, >50K, <=50K
28818, <=50K, <=50K
28819, >50K, >50K
28820, <=50K, <=50K
28821, <=50K, >50K
28822, <=50K, <=50K
28823, <=50K, <=50K
28824, >50K, <=50K
28825, <=50K, <=50K
28826, <=50K, <=50K
28827, <=50K, <=50K
28828, <=50K, <=50K
28829, <=50K, <=50K
28830, >50K, >50K
28831, <=50K, <=50K
28832, >50K, >50K
28833, >50K, >50K
28834, <=50K, <=50K
28835, <=50K, <=50K
28836, <=50K, <=50K
28837, <=50K, <=50K
28838, <=50K, <=50K
28839, <=50K, <=50K
28840, <=50K, <=50K
28841, <=50K, <=50K
28842, <=50K, <=50K
28843, <=50K, <=50K
28844, <=50K, <=50K
28845, <=50K, <=50K
28846, <=50K, <=50K
28847, <=50K, <=50K
28848, <=50K, <=50K
28849, <=50K, <=50K
28850, >50K, >50K
28851, >50K, >50K
28852, <=50K, <=50K
28853, <=50K, <=50K
28854, <=50K, <=50K
28855, <=50K, <=50K
28856, <=50K, <=50K
28857, <=50K, <=50K
28858, <=50K, <=50K
28859, <=50K, <=50K
28860, <=50K, <=50K
28861, <=50K, <=50K
28862, <=50K, <=50K
28863, <=50K, <=50K
28864, <=50K, <=50K
28865, >50K, >50K
28866, >50K, <=50K
28867, <=50K, <=50K
28868, >50K, <=50K
28869, <=50K, <=50K
28870, >50K, <=50K
28871, <=50K, <=50K
28872, <=50K, <=50K
28873, <=50K, <=50K
28874, <=50K, <=50K
28875, >50K, <=50K
28876, <=50K, <=50K
28877, >50K, <=50K
28878, <=50K, <=50K
28879, <=50K, <=50K
28880, >50K, >50K
28881, >50K, <=50K
28882, <=50K, <=50K
28883, <=50K, <=50K
28884, <=50K, <=50K
28885, <=50K, <=50K
28886, <=50K, <=50K
28887, >50K, <=50K
28888, <=50K, <=50K
28889, <=50K, <=50K
28890, >50K, <=50K
28891, <=50K, <=50K
28892, <=50K, <=50K
28893, <=50K, <=50K
28894, <=50K, <=50K
28895, >50K, <=50K
28896, >50K, >50K
28897, <=50K, <=50K
28898, <=50K, <=50K
28899, >50K, <=50K
28900, >50K, <=50K
28901, <=50K, <=50K
28902, <=50K, <=50K
28903, >50K, <=50K
28904, <=50K, <=50K
28905, <=50K, <=50K
28906, <=50K, <=50K
28907, <=50K, <=50K
28908, >50K, <=50K
28909, >50K, <=50K
28910, >50K, >50K
28911, <=50K, <=50K
28912, >50K, <=50K
28913, <=50K, >50K
28914, <=50K, <=50K
28915, <=50K, <=50K
28916, <=50K, <=50K
28917, <=50K, >50K
28918, >50K, <=50K
28919, >50K, <=50K
28920, <=50K, <=50K
28921, <=50K, <=50K
28922, <=50K, <=50K
28923, <=50K, <=50K
28924, >50K, <=50K
28925, >50K, <=50K
28926, >50K, >50K
28927, <=50K, <=50K
28928, >50K, >50K
28929, >50K, <=50K
28930, <=50K, <=50K
28931, <=50K, <=50K
28932, <=50K, <=50K
28933, <=50K, <=50K
28934, <=50K, <=50K
28935, >50K, <=50K
28936, <=50K, <=50K
28937, >50K, <=50K
28938, <=50K, <=50K
28939, <=50K, <=50K
28940, >50K, >50K
28941, <=50K, <=50K
28942, <=50K, <=50K
28943, <=50K, <=50K
28944, >50K, <=50K
28945, <=50K, <=50K
28946, >50K, <=50K
28947, <=50K, <=50K
28948, <=50K, <=50K
28949, <=50K, <=50K
28950, <=50K, <=50K
28951, <=50K, >50K
28952, >50K, >50K
28953, <=50K, <=50K
28954, >50K, <=50K
28955, <=50K, <=50K
28956, <=50K, <=50K
28957, <=50K, <=50K
28958, <=50K, <=50K
28959, <=50K, <=50K
28960, <=50K, <=50K
28961, <=50K, <=50K
28962, <=50K, <=50K
28963, >50K, <=50K
28964, <=50K, <=50K
28965, <=50K, <=50K
28966, >50K, <=50K
28967, <=50K, <=50K
28968, <=50K, <=50K
28969, >50K, <=50K
28970, >50K, <=50K
28971, <=50K, <=50K
28972, <=50K, <=50K
28973, <=50K, <=50K
28974, <=50K, <=50K
28975, <=50K, <=50K
28976, <=50K, <=50K
28977, >50K, >50K
28978, >50K, <=50K
28979, >50K, <=50K
28980, >50K, >50K
28981, <=50K, <=50K
28982, <=50K, <=50K
28983, <=50K, <=50K
28984, <=50K, <=50K
28985, <=50K, <=50K
28986, <=50K, >50K
28987, <=50K, >50K
28988, <=50K, <=50K
28989, >50K, >50K
28990, <=50K, >50K
28991, <=50K, <=50K
28992, <=50K, <=50K
28993, <=50K, <=50K
28994, <=50K, <=50K
28995, >50K, <=50K
28996, >50K, <=50K
28997, >50K, <=50K
28998, <=50K, <=50K
28999, >50K, <=50K
29000, <=50K, <=50K
29001, <=50K, <=50K
29002, >50K, <=50K
29003, <=50K, <=50K
29004, >50K, <=50K
29005, >50K, <=50K
29006, >50K, >50K
29007, <=50K, <=50K
29008, >50K, <=50K
29009, >50K, <=50K
29010, <=50K, <=50K
29011, >50K, <=50K
29012, <=50K, <=50K
29013, <=50K, <=50K
29014, <=50K, <=50K
29015, <=50K, <=50K
29016, <=50K, <=50K
29017, >50K, <=50K
29018, <=50K, <=50K
29019, <=50K, <=50K
29020, <=50K, <=50K
29021, <=50K, <=50K
29022, <=50K, <=50K
29023, <=50K, <=50K
29024, <=50K, <=50K
29025, <=50K, <=50K
29026, <=50K, <=50K
29027, <=50K, <=50K
29028, <=50K, <=50K
29029, <=50K, <=50K
29030, >50K, <=50K
29031, <=50K, <=50K
29032, >50K, >50K
29033, <=50K, <=50K
29034, <=50K, <=50K
29035, <=50K, <=50K
29036, <=50K, <=50K
29037, <=50K, <=50K
29038, >50K, <=50K
29039, >50K, <=50K
29040, <=50K, <=50K
29041, <=50K, <=50K
29042, <=50K, <=50K
29043, <=50K, <=50K
29044, <=50K, <=50K
29045, <=50K, <=50K
29046, >50K, <=50K
29047, <=50K, <=50K
29048, <=50K, <=50K
29049, <=50K, <=50K
29050, <=50K, <=50K
29051, <=50K, <=50K
29052, <=50K, <=50K
29053, >50K, <=50K
29054, <=50K, <=50K
29055, >50K, <=50K
29056, >50K, >50K
29057, >50K, <=50K
29058, <=50K, <=50K
29059, <=50K, <=50K
29060, >50K, >50K
29061, >50K, <=50K
29062, <=50K, <=50K
29063, <=50K, <=50K
29064, <=50K, <=50K
29065, <=50K, <=50K
29066, <=50K, <=50K
29067, <=50K, <=50K
29068, <=50K, <=50K
29069, <=50K, <=50K
29070, <=50K, <=50K
29071, <=50K, <=50K
29072, <=50K, <=50K
29073, <=50K, >50K
29074, <=50K, <=50K
29075, <=50K, <=50K
29076, <=50K, <=50K
29077, >50K, <=50K
29078, <=50K, <=50K
29079, <=50K, <=50K
29080, <=50K, <=50K
29081, <=50K, <=50K
29082, <=50K, <=50K
29083, <=50K, <=50K
29084, <=50K, >50K
29085, <=50K, <=50K
29086, <=50K, <=50K
29087, >50K, >50K
29088, <=50K, >50K
29089, <=50K, <=50K
29090, <=50K, <=50K
29091, <=50K, >50K
29092, <=50K, <=50K
29093, >50K, <=50K
29094, <=50K, <=50K
29095, <=50K, <=50K
29096, <=50K, <=50K
29097, <=50K, <=50K
29098, >50K, <=50K
29099, <=50K, <=50K
29100, <=50K, <=50K
29101, <=50K, <=50K
29102, <=50K, <=50K
29103, >50K, <=50K
29104, <=50K, <=50K
29105, <=50K, <=50K
29106, <=50K, <=50K
29107, <=50K, <=50K
29108, <=50K, <=50K
29109, <=50K, <=50K
29110, <=50K, <=50K
29111, <=50K, <=50K
29112, >50K, <=50K
29113, >50K, >50K
29114, <=50K, <=50K
29115, <=50K, <=50K
29116, <=50K, <=50K
29117, >50K, <=50K
29118, <=50K, <=50K
29119, <=50K, <=50K
29120, <=50K, <=50K
29121, >50K, <=50K
29122, <=50K, <=50K
29123, >50K, >50K
29124, >50K, <=50K
29125, <=50K, <=50K
29126, <=50K, <=50K
29127, >50K, <=50K
29128, <=50K, <=50K
29129, <=50K, <=50K
29130, <=50K, <=50K
29131, >50K, >50K
29132, <=50K, <=50K
29133, <=50K, <=50K
29134, <=50K, <=50K
29135, <=50K, <=50K
29136, <=50K, <=50K
29137, <=50K, <=50K
29138, >50K, <=50K
29139, >50K, <=50K
29140, <=50K, <=50K
29141, <=50K, <=50K
29142, <=50K, <=50K
29143, <=50K, <=50K
29144, >50K, >50K
29145, >50K, <=50K
29146, <=50K, <=50K
29147, >50K, <=50K
29148, <=50K, <=50K
29149, <=50K, <=50K
29150, <=50K, <=50K
29151, <=50K, <=50K
29152, <=50K, <=50K
29153, <=50K, <=50K
29154, >50K, <=50K
29155, <=50K, <=50K
29156, <=50K, <=50K
29157, >50K, <=50K
29158, <=50K, <=50K
29159, <=50K, <=50K
29160, <=50K, <=50K
29161, <=50K, <=50K
29162, <=50K, <=50K
29163, <=50K, <=50K
29164, <=50K, <=50K
29165, >50K, <=50K
29166, <=50K, <=50K
29167, <=50K, <=50K
29168, >50K, <=50K
29169, >50K, >50K
29170, <=50K, <=50K
29171, >50K, <=50K
29172, <=50K, <=50K
29173, >50K, <=50K
29174, <=50K, <=50K
29175, <=50K, <=50K
29176, >50K, >50K
29177, <=50K, <=50K
29178, <=50K, <=50K
29179, <=50K, <=50K
29180, <=50K, <=50K
29181, <=50K, <=50K
29182, >50K, <=50K
29183, >50K, <=50K
29184, <=50K, <=50K
29185, >50K, <=50K
29186, <=50K, <=50K
29187, >50K, <=50K
29188, >50K, >50K
29189, <=50K, <=50K
29190, <=50K, <=50K
29191, <=50K, <=50K
29192, >50K, <=50K
29193, <=50K, <=50K
29194, <=50K, <=50K
29195, <=50K, <=50K
29196, <=50K, <=50K
29197, <=50K, >50K
29198, <=50K, >50K
29199, <=50K, <=50K
29200, <=50K, <=50K
29201, <=50K, <=50K
29202, <=50K, <=50K
29203, <=50K, <=50K
29204, <=50K, <=50K
29205, <=50K, <=50K
29206, <=50K, <=50K
29207, <=50K, <=50K
29208, <=50K, <=50K
29209, <=50K, <=50K
29210, <=50K, <=50K
29211, <=50K, <=50K
29212, <=50K, <=50K
29213, >50K, <=50K
29214, <=50K, <=50K
29215, <=50K, <=50K
29216, <=50K, <=50K
29217, <=50K, <=50K
29218, <=50K, <=50K
29219, <=50K, <=50K
29220, <=50K, <=50K
29221, <=50K, <=50K
29222, <=50K, <=50K
29223, <=50K, <=50K
29224, <=50K, <=50K
29225, <=50K, <=50K
29226, <=50K, <=50K
29227, <=50K, >50K
29228, >50K, <=50K
29229, <=50K, <=50K
29230, >50K, >50K
29231, <=50K, <=50K
29232, <=50K, <=50K
29233, <=50K, <=50K
29234, <=50K, >50K
29235, <=50K, <=50K
29236, >50K, >50K
29237, <=50K, <=50K
29238, <=50K, <=50K
29239, >50K, <=50K
29240, <=50K, <=50K
29241, >50K, >50K
29242, <=50K, <=50K
29243, >50K, >50K
29244, <=50K, <=50K
29245, <=50K, <=50K
29246, <=50K, <=50K
29247, <=50K, <=50K
29248, >50K, >50K
29249, >50K, <=50K
29250, <=50K, <=50K
29251, >50K, <=50K
29252, <=50K, <=50K
29253, >50K, <=50K
29254, <=50K, <=50K
29255, >50K, >50K
29256, <=50K, <=50K
29257, <=50K, <=50K
29258, <=50K, <=50K
29259, <=50K, <=50K
29260, <=50K, <=50K
29261, >50K, <=50K
29262, <=50K, <=50K
29263, <=50K, <=50K
29264, >50K, >50K
29265, >50K, <=50K
29266, >50K, <=50K
29267, <=50K, <=50K
29268, >50K, <=50K
29269, <=50K, <=50K
29270, <=50K, <=50K
29271, <=50K, <=50K
29272, <=50K, <=50K
29273, >50K, <=50K
29274, >50K, <=50K
29275, <=50K, <=50K
29276, <=50K, <=50K
29277, <=50K, <=50K
29278, <=50K, <=50K
29279, <=50K, <=50K
29280, <=50K, <=50K
29281, <=50K, <=50K
29282, <=50K, <=50K
29283, <=50K, <=50K
29284, <=50K, <=50K
29285, >50K, >50K
29286, <=50K, <=50K
29287, <=50K, <=50K
29288, <=50K, <=50K
29289, >50K, >50K
29290, <=50K, <=50K
29291, >50K, <=50K
29292, >50K, >50K
29293, <=50K, <=50K
29294, <=50K, <=50K
29295, <=50K, <=50K
29296, >50K, >50K
29297, <=50K, <=50K
29298, <=50K, <=50K
29299, <=50K, <=50K
29300, <=50K, <=50K
29301, <=50K, <=50K
29302, <=50K, <=50K
29303, >50K, <=50K
29304, <=50K, <=50K
29305, <=50K, <=50K
29306, <=50K, <=50K
29307, <=50K, <=50K
29308, <=50K, <=50K
29309, <=50K, <=50K
29310, <=50K, <=50K
29311, <=50K, <=50K
29312, <=50K, <=50K
29313, >50K, <=50K
29314, <=50K, <=50K
29315, <=50K, <=50K
29316, >50K, <=50K
29317, <=50K, <=50K
29318, <=50K, <=50K
29319, >50K, >50K
29320, <=50K, <=50K
29321, <=50K, <=50K
29322, >50K, <=50K
29323, <=50K, <=50K
29324, <=50K, <=50K
29325, <=50K, <=50K
29326, <=50K, <=50K
29327, <=50K, <=50K
29328, >50K, <=50K
29329, <=50K, <=50K
29330, <=50K, <=50K
29331, <=50K, <=50K
29332, <=50K, <=50K
29333, <=50K, <=50K
29334, <=50K, <=50K
29335, <=50K, <=50K
29336, <=50K, <=50K
29337, <=50K, <=50K
29338, <=50K, <=50K
29339, <=50K, <=50K
29340, <=50K, <=50K
29341, >50K, >50K
29342, <=50K, <=50K
29343, <=50K, <=50K
29344, <=50K, <=50K
29345, <=50K, <=50K
29346, <=50K, <=50K
29347, <=50K, <=50K
29348, <=50K, <=50K
29349, <=50K, <=50K
29350, <=50K, <=50K
29351, >50K, >50K
29352, >50K, <=50K
29353, <=50K, <=50K
29354, <=50K, <=50K
29355, <=50K, <=50K
29356, >50K, >50K
29357, >50K, <=50K
29358, >50K, <=50K
29359, <=50K, <=50K
29360, <=50K, <=50K
29361, <=50K, <=50K
29362, >50K, <=50K
29363, >50K, >50K
29364, <=50K, <=50K
29365, <=50K, <=50K
29366, <=50K, <=50K
29367, <=50K, <=50K
29368, <=50K, <=50K
29369, <=50K, <=50K
29370, <=50K, <=50K
29371, <=50K, <=50K
29372, <=50K, <=50K
29373, <=50K, <=50K
29374, <=50K, <=50K
29375, <=50K, <=50K
29376, <=50K, <=50K
29377, <=50K, <=50K
29378, <=50K, <=50K
29379, <=50K, <=50K
29380, <=50K, <=50K
29381, <=50K, <=50K
29382, <=50K, <=50K
29383, <=50K, >50K
29384, >50K, <=50K
29385, <=50K, <=50K
29386, <=50K, <=50K
29387, <=50K, <=50K
29388, <=50K, <=50K
29389, <=50K, <=50K
29390, <=50K, <=50K
29391, <=50K, <=50K
29392, >50K, <=50K
29393, <=50K, <=50K
29394, <=50K, <=50K
29395, <=50K, <=50K
29396, <=50K, <=50K
29397, >50K, >50K
29398, >50K, <=50K
29399, <=50K, <=50K
29400, <=50K, <=50K
29401, >50K, <=50K
29402, <=50K, <=50K
29403, <=50K, <=50K
29404, <=50K, <=50K
29405, <=50K, <=50K
29406, >50K, >50K
29407, >50K, <=50K
29408, <=50K, <=50K
29409, >50K, <=50K
29410, <=50K, <=50K
29411, >50K, >50K
29412, <=50K, <=50K
29413, <=50K, <=50K
29414, <=50K, <=50K
29415, >50K, >50K
29416, <=50K, <=50K
29417, <=50K, <=50K
29418, <=50K, <=50K
29419, <=50K, <=50K
29420, <=50K, <=50K
29421, >50K, <=50K
29422, <=50K, <=50K
29423, <=50K, <=50K
29424, <=50K, <=50K
29425, <=50K, <=50K
29426, >50K, >50K
29427, <=50K, <=50K
29428, <=50K, <=50K
29429, <=50K, >50K
29430, >50K, <=50K
29431, >50K, <=50K
29432, <=50K, <=50K
29433, <=50K, <=50K
29434, >50K, <=50K
29435, >50K, <=50K
29436, <=50K, <=50K
29437, <=50K, <=50K
29438, <=50K, >50K
29439, <=50K, <=50K
29440, >50K, >50K
29441, <=50K, <=50K
29442, <=50K, <=50K
29443, <=50K, <=50K
29444, <=50K, <=50K
29445, <=50K, <=50K
29446, <=50K, <=50K
29447, <=50K, <=50K
29448, <=50K, <=50K
29449, <=50K, <=50K
29450, <=50K, <=50K
29451, <=50K, <=50K
29452, <=50K, <=50K
29453, <=50K, <=50K
29454, >50K, <=50K
29455, <=50K, <=50K
29456, <=50K, <=50K
29457, <=50K, <=50K
29458, <=50K, <=50K
29459, >50K, >50K
29460, >50K, >50K
29461, >50K, >50K
29462, <=50K, <=50K
29463, <=50K, <=50K
29464, <=50K, <=50K
29465, <=50K, <=50K
29466, <=50K, <=50K
29467, >50K, <=50K
29468, <=50K, <=50K
29469, <=50K, <=50K
29470, >50K, <=50K
29471, >50K, <=50K
29472, <=50K, <=50K
29473, <=50K, <=50K
29474, <=50K, <=50K
29475, <=50K, <=50K
29476, <=50K, <=50K
29477, <=50K, <=50K
29478, <=50K, <=50K
29479, <=50K, <=50K
29480, <=50K, <=50K
29481, <=50K, <=50K
29482, <=50K, <=50K
29483, <=50K, <=50K
29484, <=50K, <=50K
29485, <=50K, <=50K
29486, <=50K, <=50K
29487, <=50K, <=50K
29488, <=50K, <=50K
29489, <=50K, <=50K
29490, <=50K, >50K
29491, <=50K, <=50K
29492, <=50K, <=50K
29493, <=50K, <=50K
29494, <=50K, <=50K
29495, <=50K, <=50K
29496, <=50K, <=50K
29497, <=50K, <=50K
29498, <=50K, <=50K
29499, <=50K, <=50K
29500, <=50K, <=50K
29501, >50K, <=50K
29502, <=50K, <=50K
29503, <=50K, <=50K
29504, >50K, <=50K
29505, <=50K, <=50K
29506, <=50K, <=50K
29507, <=50K, <=50K
29508, <=50K, <=50K
29509, <=50K, <=50K
29510, >50K, >50K
29511, <=50K, <=50K
29512, <=50K, <=50K
29513, <=50K, <=50K
29514, <=50K, <=50K
29515, <=50K, <=50K
29516, <=50K, <=50K
29517, <=50K, <=50K
29518, <=50K, <=50K
29519, <=50K, <=50K
29520, <=50K, <=50K
29521, <=50K, <=50K
29522, >50K, <=50K
29523, >50K, <=50K
29524, <=50K, <=50K
29525, >50K, <=50K
29526, >50K, >50K
29527, <=50K, <=50K
29528, <=50K, <=50K
29529, <=50K, <=50K
29530, <=50K, <=50K
29531, <=50K, <=50K
29532, <=50K, <=50K
29533, <=50K, <=50K
29534, <=50K, <=50K
29535, >50K, <=50K
29536, <=50K, <=50K
29537, <=50K, <=50K
29538, <=50K, <=50K
29539, <=50K, <=50K
29540, <=50K, <=50K
29541, >50K, <=50K
29542, <=50K, <=50K
29543, <=50K, <=50K
29544, >50K, >50K
29545, <=50K, <=50K
29546, <=50K, <=50K
29547, >50K, <=50K
29548, >50K, <=50K
29549, >50K, <=50K
29550, <=50K, <=50K
29551, <=50K, <=50K
29552, <=50K, <=50K
29553, >50K, <=50K
29554, <=50K, <=50K
29555, >50K, >50K
29556, <=50K, <=50K
29557, <=50K, <=50K
29558, >50K, >50K
29559, <=50K, <=50K
29560, >50K, >50K
29561, <=50K, <=50K
29562, <=50K, <=50K
29563, <=50K, <=50K
29564, <=50K, <=50K
29565, <=50K, <=50K
29566, <=50K, <=50K
29567, >50K, <=50K
29568, <=50K, <=50K
29569, <=50K, <=50K
29570, <=50K, <=50K
29571, <=50K, <=50K
29572, <=50K, <=50K
29573, <=50K, <=50K
29574, <=50K, >50K
29575, <=50K, <=50K
29576, >50K, <=50K
29577, <=50K, <=50K
29578, >50K, >50K
29579, <=50K, <=50K
29580, <=50K, <=50K
29581, <=50K, <=50K
29582, <=50K, <=50K
29583, <=50K, <=50K
29584, <=50K, <=50K
29585, >50K, <=50K
29586, <=50K, <=50K
29587, >50K, >50K
29588, <=50K, <=50K
29589, <=50K, <=50K
29590, <=50K, <=50K
29591, >50K, <=50K
29592, >50K, <=50K
29593, >50K, <=50K
29594, <=50K, <=50K
29595, <=50K, <=50K
29596, <=50K, <=50K
29597, <=50K, <=50K
29598, <=50K, <=50K
29599, <=50K, <=50K
29600, <=50K, <=50K
29601, <=50K, <=50K
29602, <=50K, <=50K
29603, <=50K, >50K
29604, <=50K, <=50K
29605, <=50K, <=50K
29606, <=50K, <=50K
29607, <=50K, <=50K
29608, >50K, >50K
29609, >50K, >50K
29610, <=50K, <=50K
29611, <=50K, <=50K
29612, <=50K, <=50K
29613, <=50K, <=50K
29614, <=50K, <=50K
29615, <=50K, <=50K
29616, <=50K, <=50K
29617, <=50K, <=50K
29618, >50K, <=50K
29619, >50K, >50K
29620, <=50K, <=50K
29621, <=50K, <=50K
29622, >50K, <=50K
29623, <=50K, <=50K
29624, <=50K, <=50K
29625, <=50K, <=50K
29626, >50K, <=50K
29627, >50K, <=50K
29628, <=50K, <=50K
29629, <=50K, <=50K
29630, <=50K, <=50K
29631, <=50K, <=50K
29632, <=50K, <=50K
29633, <=50K, <=50K
29634, <=50K, <=50K
29635, >50K, >50K
29636, >50K, >50K
29637, <=50K, <=50K
29638, >50K, >50K
29639, <=50K, <=50K
29640, <=50K, <=50K
29641, <=50K, <=50K
29642, >50K, <=50K
29643, <=50K, <=50K
29644, >50K, <=50K
29645, <=50K, <=50K
29646, <=50K, <=50K
29647, <=50K, <=50K
29648, <=50K, <=50K
29649, <=50K, <=50K
29650, <=50K, <=50K
29651, <=50K, <=50K
29652, <=50K, <=50K
29653, >50K, <=50K
29654, >50K, <=50K
29655, >50K, <=50K
29656, <=50K, <=50K
29657, >50K, >50K
29658, <=50K, <=50K
29659, <=50K, <=50K
29660, <=50K, <=50K
29661, <=50K, >50K
29662, <=50K, <=50K
29663, >50K, >50K
29664, >50K, >50K
29665, <=50K, <=50K
29666, <=50K, <=50K
29667, <=50K, <=50K
29668, >50K, <=50K
29669, <=50K, <=50K
29670, <=50K, <=50K
29671, <=50K, <=50K
29672, <=50K, <=50K
29673, <=50K, <=50K
29674, >50K, <=50K
29675, <=50K, <=50K
29676, >50K, >50K
29677, <=50K, <=50K
29678, <=50K, <=50K
29679, <=50K, <=50K
29680, <=50K, <=50K
29681, >50K, >50K
29682, <=50K, <=50K
29683, >50K, <=50K
29684, <=50K, <=50K
29685, <=50K, <=50K
29686, <=50K, <=50K
29687, <=50K, <=50K
29688, >50K, <=50K
29689, <=50K, >50K
29690, <=50K, <=50K
29691, <=50K, >50K
29692, <=50K, <=50K
29693, <=50K, <=50K
29694, <=50K, <=50K
29695, <=50K, <=50K
29696, >50K, <=50K
29697, <=50K, <=50K
29698, <=50K, <=50K
29699, >50K, <=50K
29700, <=50K, <=50K
29701, <=50K, >50K
29702, <=50K, <=50K
29703, <=50K, <=50K
29704, <=50K, <=50K
29705, <=50K, <=50K
29706, <=50K, <=50K
29707, <=50K, <=50K
29708, >50K, <=50K
29709, <=50K, <=50K
29710, <=50K, <=50K
29711, <=50K, <=50K
29712, <=50K, <=50K
29713, <=50K, <=50K
29714, <=50K, <=50K
29715, <=50K, <=50K
29716, <=50K, <=50K
29717, >50K, <=50K
29718, >50K, >50K
29719, >50K, <=50K
29720, <=50K, <=50K
29721, <=50K, <=50K
29722, >50K, >50K
29723, >50K, >50K
29724, >50K, <=50K
29725, <=50K, <=50K
29726, <=50K, <=50K
29727, <=50K, <=50K
29728, <=50K, <=50K
29729, <=50K, <=50K
29730, <=50K, <=50K
29731, <=50K, >50K
29732, <=50K, <=50K
29733, >50K, >50K
29734, <=50K, <=50K
29735, <=50K, <=50K
29736, <=50K, <=50K
29737, <=50K, <=50K
29738, <=50K, <=50K
29739, <=50K, <=50K
29740, <=50K, <=50K
29741, >50K, >50K
29742, <=50K, <=50K
29743, <=50K, <=50K
29744, >50K, >50K
29745, <=50K, <=50K
29746, <=50K, <=50K
29747, <=50K, <=50K
29748, <=50K, >50K
29749, <=50K, <=50K
29750, <=50K, <=50K
29751, <=50K, <=50K
29752, <=50K, <=50K
29753, <=50K, <=50K
29754, <=50K, <=50K
29755, >50K, >50K
29756, <=50K, <=50K
29757, <=50K, <=50K
29758, <=50K, <=50K
29759, >50K, <=50K
29760, <=50K, >50K
29761, <=50K, <=50K
29762, <=50K, <=50K
29763, >50K, <=50K
29764, <=50K, <=50K
29765, <=50K, <=50K
29766, <=50K, <=50K
29767, <=50K, <=50K
29768, <=50K, <=50K
29769, >50K, <=50K
29770, <=50K, <=50K
29771, >50K, <=50K
29772, >50K, >50K
29773, >50K, >50K
29774, >50K, >50K
29775, <=50K, <=50K
29776, <=50K, <=50K
29777, <=50K, <=50K
29778, >50K, <=50K
29779, <=50K, <=50K
29780, >50K, >50K
29781, <=50K, <=50K
29782, <=50K, <=50K
29783, >50K, <=50K
29784, >50K, <=50K
29785, <=50K, <=50K
29786, >50K, <=50K
29787, >50K, >50K
29788, <=50K, <=50K
29789, >50K, <=50K
29790, >50K, >50K
29791, <=50K, >50K
29792, <=50K, <=50K
29793, <=50K, <=50K
29794, <=50K, <=50K
29795, <=50K, <=50K
29796, <=50K, <=50K
29797, <=50K, <=50K
29798, <=50K, <=50K
29799, <=50K, <=50K
29800, >50K, <=50K
29801, <=50K, <=50K
29802, <=50K, <=50K
29803, >50K, >50K
29804, <=50K, <=50K
29805, <=50K, <=50K
29806, >50K, >50K
29807, <=50K, <=50K
29808, <=50K, <=50K
29809, <=50K, <=50K
29810, <=50K, <=50K
29811, <=50K, <=50K
29812, <=50K, <=50K
29813, <=50K, >50K
29814, <=50K, <=50K
29815, <=50K, <=50K
29816, <=50K, <=50K
29817, <=50K, <=50K
29818, <=50K, <=50K
29819, <=50K, <=50K
29820, <=50K, <=50K
29821, <=50K, <=50K
29822, <=50K, <=50K
29823, <=50K, <=50K
29824, <=50K, <=50K
29825, <=50K, <=50K
29826, >50K, <=50K
29827, <=50K, <=50K
29828, <=50K, <=50K
29829, >50K, <=50K
29830, >50K, >50K
29831, <=50K, <=50K
29832, >50K, <=50K
29833, <=50K, <=50K
29834, <=50K, <=50K
29835, <=50K, <=50K
29836, <=50K, >50K
29837, <=50K, <=50K
29838, <=50K, <=50K
29839, >50K, >50K
29840, >50K, <=50K
29841, <=50K, <=50K
29842, <=50K, <=50K
29843, >50K, <=50K
29844, <=50K, <=50K
29845, <=50K, <=50K
29846, <=50K, <=50K
29847, >50K, >50K
29848, <=50K, <=50K
29849, <=50K, <=50K
29850, <=50K, <=50K
29851, <=50K, <=50K
29852, >50K, >50K
29853, <=50K, <=50K
29854, <=50K, >50K
29855, <=50K, <=50K
29856, <=50K, <=50K
29857, >50K, <=50K
29858, <=50K, <=50K
29859, <=50K, <=50K
29860, >50K, <=50K
29861, >50K, <=50K
29862, <=50K, <=50K
29863, <=50K, <=50K
29864, <=50K, <=50K
29865, >50K, <=50K
29866, <=50K, <=50K
29867, >50K, <=50K
29868, <=50K, <=50K
29869, <=50K, <=50K
29870, <=50K, <=50K
29871, >50K, <=50K
29872, >50K, >50K
29873, >50K, <=50K
29874, <=50K, <=50K
29875, <=50K, <=50K
29876, <=50K, <=50K
29877, <=50K, <=50K
29878, >50K, <=50K
29879, <=50K, <=50K
29880, <=50K, <=50K
29881, <=50K, <=50K
29882, <=50K, <=50K
29883, >50K, <=50K
29884, <=50K, <=50K
29885, <=50K, <=50K
29886, <=50K, <=50K
29887, <=50K, <=50K
29888, <=50K, <=50K
29889, >50K, <=50K
29890, <=50K, <=50K
29891, >50K, <=50K
29892, >50K, >50K
29893, <=50K, <=50K
29894, <=50K, <=50K
29895, <=50K, <=50K
29896, <=50K, <=50K
29897, <=50K, <=50K
29898, <=50K, <=50K
29899, >50K, <=50K
29900, >50K, <=50K
29901, >50K, <=50K
29902, <=50K, <=50K
29903, <=50K, <=50K
29904, <=50K, <=50K
29905, <=50K, <=50K
29906, <=50K, <=50K
29907, <=50K, <=50K
29908, <=50K, <=50K
29909, >50K, >50K
29910, <=50K, <=50K
29911, <=50K, <=50K
29912, <=50K, <=50K
29913, <=50K, <=50K
29914, <=50K, <=50K
29915, <=50K, <=50K
29916, <=50K, <=50K
29917, <=50K, <=50K
29918, >50K, <=50K
29919, >50K, <=50K
29920, <=50K, <=50K
29921, <=50K, <=50K
29922, <=50K, <=50K
29923, <=50K, >50K
29924, <=50K, <=50K
29925, <=50K, <=50K
29926, <=50K, <=50K
29927, <=50K, <=50K
29928, <=50K, >50K
29929, <=50K, <=50K
29930, <=50K, <=50K
29931, <=50K, <=50K
29932, <=50K, <=50K
29933, <=50K, <=50K
29934, >50K, >50K
29935, <=50K, <=50K
29936, <=50K, <=50K
29937, <=50K, <=50K
29938, <=50K, <=50K
29939, <=50K, <=50K
29940, <=50K, <=50K
29941, >50K, <=50K
29942, <=50K, <=50K
29943, <=50K, <=50K
29944, >50K, <=50K
29945, <=50K, <=50K
29946, <=50K, <=50K
29947, <=50K, <=50K
29948, <=50K, <=50K
29949, >50K, <=50K
29950, <=50K, <=50K
29951, <=50K, <=50K
29952, <=50K, <=50K
29953, <=50K, <=50K
29954, >50K, >50K
29955, >50K, <=50K
29956, >50K, <=50K
29957, <=50K, <=50K
29958, >50K, <=50K
29959, <=50K, <=50K
29960, <=50K, <=50K
29961, <=50K, <=50K
29962, <=50K, <=50K
29963, <=50K, >50K
29964, <=50K, <=50K
29965, >50K, <=50K
29966, <=50K, <=50K
29967, <=50K, <=50K
29968, <=50K, <=50K
29969, <=50K, <=50K
29970, <=50K, <=50K
29971, >50K, >50K
29972, <=50K, <=50K
29973, <=50K, <=50K
29974, <=50K, <=50K
29975, <=50K, <=50K
29976, >50K, >50K
29977, >50K, <=50K
29978, <=50K, <=50K
29979, >50K, <=50K
29980, <=50K, <=50K
29981, >50K, >50K
29982, <=50K, <=50K
29983, >50K, <=50K
29984, <=50K, <=50K
29985, <=50K, <=50K
29986, <=50K, <=50K
29987, <=50K, <=50K
29988, <=50K, <=50K
29989, >50K, >50K
29990, <=50K, <=50K
29991, <=50K, <=50K
29992, <=50K, <=50K
29993, <=50K, <=50K
29994, <=50K, <=50K
29995, <=50K, <=50K
29996, >50K, <=50K
29997, <=50K, <=50K
29998, <=50K, <=50K
29999, <=50K, <=50K
30000, <=50K, <=50K
30001, <=50K, <=50K
30002, <=50K, <=50K
30003, <=50K, <=50K
30004, <=50K, <=50K
30005, <=50K, <=50K
30006, >50K, >50K
30007, <=50K, <=50K
30008, <=50K, <=50K
30009, <=50K, <=50K
30010, <=50K, <=50K
30011, >50K, >50K
30012, >50K, <=50K
30013, <=50K, <=50K
30014, >50K, <=50K
30015, <=50K, <=50K
30016, >50K, <=50K
30017, <=50K, <=50K
30018, <=50K, <=50K
30019, <=50K, <=50K
30020, <=50K, <=50K
30021, >50K, >50K
30022, <=50K, <=50K
30023, <=50K, <=50K
30024, <=50K, <=50K
30025, <=50K, <=50K
30026, <=50K, <=50K
30027, >50K, <=50K
30028, <=50K, <=50K
30029, <=50K, <=50K
30030, <=50K, <=50K
30031, >50K, <=50K
30032, <=50K, <=50K
30033, <=50K, <=50K
30034, >50K, >50K
30035, <=50K, <=50K
30036, >50K, >50K
30037, <=50K, <=50K
30038, <=50K, <=50K
30039, <=50K, <=50K
30040, <=50K, <=50K
30041, <=50K, <=50K
30042, <=50K, <=50K
30043, >50K, <=50K
30044, <=50K, <=50K
30045, <=50K, <=50K
30046, <=50K, <=50K
30047, <=50K, <=50K
30048, <=50K, <=50K
30049, <=50K, <=50K
30050, <=50K, <=50K
30051, <=50K, >50K
30052, >50K, <=50K
30053, <=50K, <=50K
30054, <=50K, <=50K
30055, <=50K, <=50K
30056, <=50K, <=50K
30057, <=50K, <=50K
30058, >50K, <=50K
30059, <=50K, <=50K
30060, <=50K, <=50K
30061, <=50K, <=50K
30062, <=50K, <=50K
30063, >50K, <=50K
30064, <=50K, <=50K
30065, <=50K, >50K
30066, >50K, <=50K
30067, >50K, >50K
30068, <=50K, <=50K
30069, <=50K, <=50K
30070, <=50K, <=50K
30071, <=50K, <=50K
30072, >50K, >50K
30073, <=50K, <=50K
30074, <=50K, <=50K
30075, <=50K, <=50K
30076, >50K, >50K
30077, >50K, >50K
30078, >50K, <=50K
30079, >50K, >50K
30080, <=50K, <=50K
30081, <=50K, <=50K
30082, <=50K, <=50K
30083, <=50K, <=50K
30084, <=50K, <=50K
30085, <=50K, <=50K
30086, <=50K, <=50K
30087, <=50K, <=50K
30088, <=50K, <=50K
30089, <=50K, <=50K
30090, >50K, <=50K
30091, <=50K, <=50K
30092, <=50K, <=50K
30093, >50K, <=50K
30094, <=50K, <=50K
30095, <=50K, <=50K
30096, <=50K, <=50K
30097, <=50K, <=50K
30098, <=50K, <=50K
30099, >50K, >50K
30100, <=50K, <=50K
30101, <=50K, <=50K
30102, <=50K, <=50K
30103, >50K, <=50K
30104, >50K, >50K
30105, <=50K, <=50K
30106, >50K, <=50K
30107, <=50K, <=50K
30108, <=50K, <=50K
30109, <=50K, <=50K
30110, >50K, <=50K
30111, >50K, <=50K
30112, <=50K, <=50K
30113, <=50K, <=50K
30114, <=50K, <=50K
30115, >50K, >50K
30116, <=50K, <=50K
30117, <=50K, <=50K
30118, >50K, >50K
30119, <=50K, <=50K
30120, <=50K, <=50K
30121, <=50K, <=50K
30122, <=50K, <=50K
30123, >50K, >50K
30124, <=50K, <=50K
30125, <=50K, <=50K
30126, <=50K, <=50K
30127, >50K, >50K
30128, <=50K, <=50K
30129, >50K, <=50K
30130, <=50K, <=50K
30131, <=50K, <=50K
30132, <=50K, <=50K
30133, <=50K, <=50K
30134, <=50K, <=50K
30135, <=50K, <=50K
30136, <=50K, <=50K
30137, <=50K, <=50K
30138, >50K, <=50K
30139, <=50K, <=50K
30140, <=50K, <=50K
30141, <=50K, <=50K
30142, <=50K, <=50K
30143, >50K, <=50K
30144, <=50K, <=50K
30145, <=50K, <=50K
30146, <=50K, >50K
30147, <=50K, <=50K
30148, <=50K, <=50K
30149, >50K, <=50K
30150, <=50K, <=50K
30151, <=50K, <=50K
30152, >50K, <=50K
30153, <=50K, <=50K
30154, <=50K, <=50K
30155, <=50K, <=50K
30156, <=50K, <=50K
30157, <=50K, <=50K
30158, <=50K, <=50K
30159, <=50K, <=50K
30160, <=50K, <=50K
30161, <=50K, <=50K
30162, <=50K, <=50K
30163, <=50K, <=50K
30164, <=50K, <=50K
30165, <=50K, <=50K
30166, <=50K, <=50K
30167, <=50K, <=50K
30168, <=50K, <=50K
30169, <=50K, <=50K
30170, <=50K, <=50K
30171, <=50K, <=50K
30172, <=50K, <=50K
30173, <=50K, <=50K
30174, >50K, <=50K
30175, <=50K, <=50K
30176, <=50K, <=50K
30177, <=50K, <=50K
30178, <=50K, >50K
30179, <=50K, <=50K
30180, <=50K, <=50K
30181, <=50K, <=50K
30182, >50K, >50K
30183, <=50K, <=50K
30184, <=50K, <=50K
30185, <=50K, <=50K
30186, <=50K, <=50K
30187, <=50K, <=50K
30188, >50K, <=50K
30189, <=50K, <=50K
30190, <=50K, <=50K
30191, <=50K, <=50K
30192, >50K, <=50K
30193, <=50K, <=50K
30194, >50K, <=50K
30195, <=50K, <=50K
30196, <=50K, <=50K
30197, <=50K, <=50K
30198, <=50K, <=50K
30199, <=50K, <=50K
30200, <=50K, <=50K
30201, <=50K, <=50K
30202, <=50K, <=50K
30203, >50K, >50K
30204, <=50K, <=50K
30205, >50K, >50K
30206, <=50K, <=50K
30207, <=50K, <=50K
30208, <=50K, <=50K
30209, <=50K, <=50K
30210, <=50K, <=50K
30211, <=50K, <=50K
30212, >50K, <=50K
30213, <=50K, <=50K
30214, <=50K, <=50K
30215, >50K, <=50K
30216, >50K, >50K
30217, >50K, <=50K
30218, <=50K, <=50K
30219, <=50K, >50K
30220, <=50K, <=50K
30221, <=50K, <=50K
30222, <=50K, <=50K
30223, <=50K, >50K
30224, <=50K, <=50K
30225, <=50K, >50K
30226, <=50K, <=50K
30227, >50K, <=50K
30228, <=50K, <=50K
30229, <=50K, <=50K
30230, <=50K, <=50K
30231, <=50K, <=50K
30232, <=50K, >50K
30233, <=50K, <=50K
30234, >50K, >50K
30235, >50K, <=50K
30236, <=50K, <=50K
30237, <=50K, <=50K
30238, <=50K, <=50K
30239, >50K, <=50K
30240, <=50K, <=50K
30241, <=50K, <=50K
30242, <=50K, <=50K
30243, <=50K, <=50K
30244, >50K, >50K
30245, <=50K, <=50K
30246, >50K, >50K
30247, <=50K, <=50K
30248, >50K, >50K
30249, >50K, <=50K
30250, <=50K, <=50K
30251, <=50K, <=50K
30252, <=50K, <=50K
30253, <=50K, <=50K
30254, >50K, >50K
30255, <=50K, <=50K
30256, <=50K, <=50K
30257, <=50K, <=50K
30258, >50K, >50K
30259, >50K, >50K
30260, <=50K, <=50K
30261, <=50K, <=50K
30262, <=50K, <=50K
30263, <=50K, <=50K
30264, <=50K, <=50K
30265, <=50K, <=50K
30266, >50K, >50K
30267, <=50K, <=50K
30268, <=50K, <=50K
30269, <=50K, <=50K
30270, <=50K, <=50K
30271, <=50K, <=50K
30272, <=50K, <=50K
30273, >50K, >50K
30274, <=50K, <=50K
30275, <=50K, <=50K
30276, <=50K, <=50K
30277, >50K, >50K
30278, <=50K, <=50K
30279, <=50K, <=50K
30280, <=50K, <=50K
30281, <=50K, <=50K
30282, <=50K, <=50K
30283, >50K, >50K
30284, >50K, >50K
30285, <=50K, <=50K
30286, <=50K, <=50K
30287, <=50K, <=50K
30288, <=50K, <=50K
30289, <=50K, <=50K
30290, >50K, <=50K
30291, <=50K, <=50K
30292, <=50K, <=50K
30293, <=50K, <=50K
30294, <=50K, <=50K
30295, <=50K, <=50K
30296, <=50K, <=50K
30297, >50K, <=50K
30298, <=50K, <=50K
30299, <=50K, <=50K
30300, <=50K, <=50K
30301, <=50K, <=50K
30302, >50K, <=50K
30303, >50K, <=50K
30304, <=50K, <=50K
30305, <=50K, <=50K
30306, >50K, <=50K
30307, <=50K, <=50K
30308, <=50K, <=50K
30309, <=50K, <=50K
30310, <=50K, <=50K
30311, <=50K, <=50K
30312, <=50K, <=50K
30313, <=50K, <=50K
30314, <=50K, <=50K
30315, >50K, <=50K
30316, <=50K, <=50K
30317, <=50K, <=50K
30318, >50K, <=50K
30319, <=50K, <=50K
30320, >50K, <=50K
30321, <=50K, <=50K
30322, <=50K, <=50K
30323, <=50K, <=50K
30324, <=50K, <=50K
30325, >50K, >50K
30326, <=50K, <=50K
30327, <=50K, <=50K
30328, <=50K, <=50K
30329, >50K, <=50K
30330, >50K, <=50K
30331, <=50K, <=50K
30332, <=50K, <=50K
30333, <=50K, <=50K
30334, <=50K, <=50K
30335, <=50K, <=50K
30336, <=50K, <=50K
30337, >50K, <=50K
30338, <=50K, <=50K
30339, >50K, <=50K
30340, <=50K, <=50K
30341, <=50K, <=50K
30342, >50K, <=50K
30343, >50K, <=50K
30344, <=50K, <=50K
30345, <=50K, <=50K
30346, <=50K, <=50K
30347, <=50K, <=50K
30348, >50K, >50K
30349, <=50K, <=50K
30350, <=50K, <=50K
30351, <=50K, <=50K
30352, >50K, <=50K
30353, <=50K, <=50K
30354, <=50K, <=50K
30355, <=50K, <=50K
30356, <=50K, <=50K
30357, <=50K, <=50K
30358, <=50K, <=50K
30359, <=50K, <=50K
30360, <=50K, <=50K
30361, <=50K, <=50K
30362, <=50K, <=50K
30363, >50K, >50K
30364, <=50K, <=50K
30365, >50K, <=50K
30366, <=50K, <=50K
30367, <=50K, <=50K
30368, <=50K, <=50K
30369, <=50K, <=50K
30370, <=50K, >50K
30371, <=50K, <=50K
30372, >50K, <=50K
30373, >50K, >50K
30374, <=50K, <=50K
30375, >50K, <=50K
30376, <=50K, <=50K
30377, <=50K, >50K
30378, <=50K, <=50K
30379, <=50K, <=50K
30380, <=50K, <=50K
30381, <=50K, <=50K
30382, <=50K, <=50K
30383, >50K, <=50K
30384, <=50K, <=50K
30385, <=50K, <=50K
30386, <=50K, <=50K
30387, <=50K, <=50K
30388, <=50K, <=50K
30389, <=50K, <=50K
30390, <=50K, <=50K
30391, >50K, <=50K
30392, <=50K, <=50K
30393, >50K, <=50K
30394, <=50K, <=50K
30395, <=50K, <=50K
30396, <=50K, <=50K
30397, >50K, <=50K
30398, <=50K, <=50K
30399, <=50K, <=50K
30400, <=50K, <=50K
30401, >50K, <=50K
30402, <=50K, <=50K
30403, <=50K, <=50K
30404, >50K, <=50K
30405, >50K, <=50K
30406, <=50K, <=50K
30407, <=50K, <=50K
30408, <=50K, <=50K
30409, <=50K, <=50K
30410, <=50K, <=50K
30411, <=50K, <=50K
30412, <=50K, <=50K
30413, <=50K, <=50K
30414, >50K, >50K
30415, <=50K, <=50K
30416, <=50K, <=50K
30417, <=50K, <=50K
30418, <=50K, >50K
30419, <=50K, <=50K
30420, >50K, <=50K
30421, <=50K, <=50K
30422, >50K, >50K
30423, <=50K, >50K
30424, >50K, <=50K
30425, <=50K, >50K
30426, >50K, <=50K
30427, <=50K, <=50K
30428, <=50K, <=50K
30429, >50K, >50K
30430, >50K, >50K
30431, <=50K, >50K
30432, >50K, <=50K
30433, <=50K, <=50K
30434, <=50K, <=50K
30435, <=50K, <=50K
30436, <=50K, <=50K
30437, <=50K, <=50K
30438, >50K, <=50K
30439, <=50K, <=50K
30440, <=50K, <=50K
30441, <=50K, <=50K
30442, <=50K, <=50K
30443, <=50K, <=50K
30444, <=50K, <=50K
30445, <=50K, <=50K
30446, <=50K, <=50K
30447, <=50K, <=50K
30448, <=50K, <=50K
30449, <=50K, <=50K
30450, <=50K, <=50K
30451, >50K, >50K
30452, <=50K, <=50K
30453, <=50K, <=50K
30454, <=50K, <=50K
30455, <=50K, <=50K
30456, <=50K, <=50K
30457, <=50K, <=50K
30458, <=50K, <=50K
30459, <=50K, <=50K
30460, <=50K, <=50K
30461, <=50K, <=50K
30462, <=50K, <=50K
30463, <=50K, <=50K
30464, <=50K, <=50K
30465, <=50K, <=50K
30466, <=50K, <=50K
30467, <=50K, <=50K
30468, <=50K, <=50K
30469, >50K, <=50K
30470, >50K, <=50K
30471, <=50K, <=50K
30472, <=50K, <=50K
30473, <=50K, <=50K
30474, <=50K, <=50K
30475, <=50K, >50K
30476, >50K, >50K
30477, >50K, <=50K
30478, <=50K, <=50K
30479, <=50K, <=50K
30480, <=50K, <=50K
30481, >50K, >50K
30482, >50K, <=50K
30483, <=50K, <=50K
30484, >50K, <=50K
30485, >50K, >50K
30486, <=50K, <=50K
30487, <=50K, <=50K
30488, <=50K, <=50K
30489, <=50K, <=50K
30490, >50K, >50K
30491, <=50K, <=50K
30492, <=50K, <=50K
30493, <=50K, <=50K
30494, <=50K, <=50K
30495, <=50K, >50K
30496, >50K, >50K
30497, <=50K, <=50K
30498, <=50K, <=50K
30499, <=50K, <=50K
30500, <=50K, <=50K
30501, <=50K, <=50K
30502, <=50K, <=50K
30503, <=50K, <=50K
30504, >50K, <=50K
30505, <=50K, <=50K
30506, >50K, >50K
30507, <=50K, <=50K
30508, <=50K, <=50K
30509, <=50K, <=50K
30510, <=50K, <=50K
30511, <=50K, <=50K
30512, <=50K, <=50K
30513, <=50K, <=50K
30514, <=50K, <=50K
30515, <=50K, <=50K
30516, <=50K, <=50K
30517, <=50K, <=50K
30518, <=50K, >50K
30519, >50K, <=50K
30520, <=50K, <=50K
30521, >50K, <=50K
30522, >50K, <=50K
30523, <=50K, <=50K
30524, <=50K, <=50K
30525, >50K, <=50K
30526, <=50K, <=50K
30527, <=50K, <=50K
30528, <=50K, >50K
30529, <=50K, <=50K
30530, <=50K, <=50K
30531, <=50K, <=50K
30532, <=50K, <=50K
30533, <=50K, <=50K
30534, <=50K, <=50K
30535, <=50K, <=50K
30536, >50K, >50K
30537, <=50K, <=50K
30538, <=50K, <=50K
30539, >50K, >50K
30540, <=50K, <=50K
30541, <=50K, <=50K
30542, <=50K, <=50K
30543, <=50K, <=50K
30544, <=50K, <=50K
30545, >50K, <=50K
30546, >50K, <=50K
30547, <=50K, <=50K
30548, <=50K, <=50K
30549, >50K, <=50K
30550, <=50K, <=50K
30551, <=50K, >50K
30552, <=50K, <=50K
30553, <=50K, <=50K
30554, <=50K, <=50K
30555, <=50K, <=50K
30556, >50K, >50K
30557, <=50K, <=50K
30558, <=50K, <=50K
30559, <=50K, >50K
30560, >50K, <=50K
30561, <=50K, <=50K
30562, <=50K, <=50K
30563, <=50K, <=50K
30564, >50K, <=50K
30565, <=50K, <=50K
30566, <=50K, <=50K
30567, <=50K, <=50K
30568, <=50K, <=50K
30569, <=50K, <=50K
30570, <=50K, <=50K
30571, >50K, <=50K
30572, >50K, <=50K
30573, <=50K, <=50K
30574, <=50K, <=50K
30575, <=50K, <=50K
30576, <=50K, <=50K
30577, <=50K, <=50K
30578, >50K, <=50K
30579, <=50K, <=50K
30580, <=50K, <=50K
30581, <=50K, <=50K
30582, <=50K, <=50K
30583, <=50K, <=50K
30584, <=50K, <=50K
30585, >50K, <=50K
30586, <=50K, <=50K
30587, <=50K, <=50K
30588, <=50K, <=50K
30589, <=50K, <=50K
30590, >50K, <=50K
30591, <=50K, <=50K
30592, <=50K, <=50K
30593, <=50K, <=50K
30594, <=50K, <=50K
30595, <=50K, <=50K
30596, >50K, <=50K
30597, <=50K, <=50K
30598, <=50K, <=50K
30599, <=50K, <=50K
30600, <=50K, <=50K
30601, <=50K, >50K
30602, <=50K, <=50K
30603, <=50K, <=50K
30604, <=50K, <=50K
30605, <=50K, <=50K
30606, >50K, <=50K
30607, <=50K, <=50K
30608, <=50K, <=50K
30609, >50K, <=50K
30610, >50K, <=50K
30611, <=50K, <=50K
30612, <=50K, <=50K
30613, <=50K, <=50K
30614, <=50K, <=50K
30615, <=50K, <=50K
30616, <=50K, <=50K
30617, >50K, <=50K
30618, <=50K, <=50K
30619, <=50K, <=50K
30620, >50K, <=50K
30621, >50K, <=50K
30622, <=50K, <=50K
30623, <=50K, <=50K
30624, <=50K, <=50K
30625, <=50K, <=50K
30626, >50K, >50K
30627, <=50K, <=50K
30628, >50K, >50K
30629, <=50K, <=50K
30630, >50K, >50K
30631, <=50K, <=50K
30632, >50K, >50K
30633, <=50K, <=50K
30634, <=50K, <=50K
30635, <=50K, <=50K
30636, <=50K, <=50K
30637, <=50K, <=50K
30638, <=50K, <=50K
30639, >50K, >50K
30640, <=50K, <=50K
30641, <=50K, <=50K
30642, <=50K, <=50K
30643, <=50K, >50K
30644, <=50K, <=50K
30645, >50K, <=50K
30646, <=50K, <=50K
30647, <=50K, <=50K
30648, <=50K, <=50K
30649, >50K, <=50K
30650, <=50K, <=50K
30651, >50K, >50K
30652, <=50K, <=50K
30653, <=50K, <=50K
30654, <=50K, <=50K
30655, <=50K, <=50K
30656, <=50K, <=50K
30657, >50K, >50K
30658, <=50K, <=50K
30659, <=50K, <=50K
30660, <=50K, <=50K
30661, >50K, >50K
30662, <=50K, <=50K
30663, <=50K, <=50K
30664, <=50K, <=50K
30665, >50K, <=50K
30666, <=50K, <=50K
30667, >50K, <=50K
30668, <=50K, <=50K
30669, >50K, >50K
30670, <=50K, <=50K
30671, <=50K, <=50K
30672, >50K, <=50K
30673, <=50K, <=50K
30674, <=50K, <=50K
30675, <=50K, <=50K
30676, <=50K, <=50K
30677, <=50K, <=50K
30678, <=50K, <=50K
30679, <=50K, <=50K
30680, <=50K, <=50K
30681, >50K, >50K
30682, <=50K, <=50K
30683, >50K, >50K
30684, >50K, <=50K
30685, <=50K, <=50K
30686, <=50K, >50K
30687, <=50K, <=50K
30688, >50K, <=50K
30689, <=50K, <=50K
30690, >50K, >50K
30691, <=50K, <=50K
30692, <=50K, <=50K
30693, <=50K, <=50K
30694, <=50K, >50K
30695, >50K, <=50K
30696, <=50K, <=50K
30697, <=50K, <=50K
30698, <=50K, <=50K
30699, <=50K, <=50K
30700, >50K, <=50K
30701, >50K, <=50K
30702, <=50K, <=50K
30703, <=50K, <=50K
30704, <=50K, <=50K
30705, <=50K, <=50K
30706, <=50K, <=50K
30707, <=50K, <=50K
30708, <=50K, <=50K
30709, <=50K, <=50K
30710, <=50K, <=50K
30711, <=50K, <=50K
30712, <=50K, <=50K
30713, <=50K, <=50K
30714, <=50K, <=50K
30715, <=50K, <=50K
30716, <=50K, <=50K
30717, <=50K, <=50K
30718, <=50K, <=50K
30719, <=50K, <=50K
30720, <=50K, <=50K
30721, <=50K, <=50K
30722, >50K, <=50K
30723, <=50K, <=50K
30724, >50K, <=50K
30725, <=50K, <=50K
30726, <=50K, <=50K
30727, <=50K, <=50K
30728, <=50K, >50K
30729, <=50K, <=50K
30730, >50K, >50K
30731, <=50K, <=50K
30732, <=50K, <=50K
30733, <=50K, <=50K
30734, >50K, <=50K
30735, >50K, >50K
30736, >50K, >50K
30737, <=50K, <=50K
30738, <=50K, <=50K
30739, <=50K, <=50K
30740, >50K, <=50K
30741, <=50K, <=50K
30742, <=50K, <=50K
30743, <=50K, <=50K
30744, <=50K, <=50K
30745, <=50K, <=50K
30746, <=50K, <=50K
30747, <=50K, <=50K
30748, >50K, >50K
30749, >50K, >50K
30750, <=50K, <=50K
30751, <=50K, <=50K
30752, <=50K, <=50K
30753, >50K, <=50K
30754, <=50K, <=50K
30755, <=50K, <=50K
30756, <=50K, <=50K
30757, <=50K, <=50K
30758, <=50K, <=50K
30759, >50K, <=50K
30760, <=50K, <=50K
30761, <=50K, >50K
30762, <=50K, >50K
30763, <=50K, <=50K
30764, <=50K, <=50K
30765, <=50K, <=50K
30766, >50K, <=50K
30767, <=50K, <=50K
30768, >50K, >50K
30769, >50K, >50K
30770, <=50K, <=50K
30771, <=50K, <=50K
30772, <=50K, >50K
30773, >50K, <=50K
30774, <=50K, <=50K
30775, <=50K, <=50K
30776, <=50K, <=50K
30777, <=50K, <=50K
30778, >50K, <=50K
30779, <=50K, <=50K
30780, <=50K, <=50K
30781, <=50K, >50K
30782, <=50K, <=50K
30783, >50K, <=50K
30784, <=50K, <=50K
30785, <=50K, <=50K
30786, <=50K, <=50K
30787, >50K, <=50K
30788, >50K, >50K
30789, <=50K, <=50K
30790, <=50K, <=50K
30791, <=50K, <=50K
30792, >50K, <=50K
30793, <=50K, <=50K
30794, <=50K, <=50K
30795, <=50K, <=50K
30796, <=50K, <=50K
30797, <=50K, <=50K
30798, <=50K, <=50K
30799, >50K, >50K
30800, <=50K, <=50K
30801, >50K, <=50K
30802, >50K, <=50K
30803, <=50K, <=50K
30804, <=50K, <=50K
30805, >50K, <=50K
30806, <=50K, <=50K
30807, >50K, <=50K
30808, <=50K, <=50K
30809, <=50K, <=50K
30810, <=50K, <=50K
30811, <=50K, <=50K
30812, <=50K, <=50K
30813, <=50K, <=50K
30814, <=50K, <=50K
30815, >50K, >50K
30816, <=50K, <=50K
30817, <=50K, <=50K
30818, <=50K, <=50K
30819, <=50K, <=50K
30820, >50K, <=50K
30821, <=50K, <=50K
30822, <=50K, <=50K
30823, <=50K, >50K
30824, >50K, <=50K
30825, <=50K, <=50K
30826, <=50K, <=50K
30827, <=50K, <=50K
30828, <=50K, <=50K
30829, <=50K, <=50K
30830, <=50K, <=50K
30831, >50K, >50K
30832, <=50K, <=50K
30833, >50K, <=50K
30834, <=50K, <=50K
30835, >50K, >50K
30836, <=50K, >50K
30837, <=50K, <=50K
30838, <=50K, <=50K
30839, >50K, <=50K
30840, >50K, <=50K
30841, <=50K, <=50K
30842, <=50K, <=50K
30843, >50K, <=50K
30844, <=50K, <=50K
30845, <=50K, <=50K
30846, <=50K, <=50K
30847, <=50K, <=50K
30848, <=50K, <=50K
30849, <=50K, <=50K
30850, <=50K, <=50K
30851, <=50K, <=50K
30852, >50K, <=50K
30853, <=50K, <=50K
30854, <=50K, <=50K
30855, <=50K, <=50K
30856, <=50K, <=50K
30857, <=50K, <=50K
30858, >50K, <=50K
30859, <=50K, >50K
30860, <=50K, >50K
30861, <=50K, <=50K
30862, <=50K, >50K
30863, <=50K, <=50K
30864, >50K, <=50K
30865, <=50K, >50K
30866, <=50K, <=50K
30867, <=50K, <=50K
30868, <=50K, <=50K
30869, >50K, <=50K
30870, >50K, <=50K
30871, <=50K, <=50K
30872, <=50K, >50K
30873, >50K, <=50K
30874, <=50K, <=50K
30875, <=50K, <=50K
30876, <=50K, <=50K
30877, <=50K, <=50K
30878, <=50K, <=50K
30879, <=50K, <=50K
30880, >50K, <=50K
30881, <=50K, <=50K
30882, <=50K, <=50K
30883, <=50K, <=50K
30884, >50K, <=50K
30885, >50K, <=50K
30886, <=50K, <=50K
30887, <=50K, <=50K
30888, >50K, <=50K
30889, <=50K, <=50K
30890, >50K, <=50K
30891, <=50K, <=50K
30892, <=50K, <=50K
30893, <=50K, <=50K
30894, <=50K, <=50K
30895, <=50K, <=50K
30896, <=50K, <=50K
30897, <=50K, <=50K
30898, <=50K, <=50K
30899, <=50K, <=50K
30900, <=50K, <=50K
30901, >50K, >50K
30902, <=50K, <=50K
30903, <=50K, <=50K
30904, <=50K, <=50K
30905, <=50K, <=50K
30906, <=50K, <=50K
30907, <=50K, <=50K
30908, <=50K, <=50K
30909, <=50K, <=50K
30910, >50K, <=50K
30911, <=50K, <=50K
30912, <=50K, >50K
30913, >50K, >50K
30914, <=50K, <=50K
30915, <=50K, <=50K
30916, <=50K, <=50K
30917, <=50K, <=50K
30918, >50K, >50K
30919, <=50K, >50K
30920, <=50K, <=50K
30921, >50K, <=50K
30922, >50K, <=50K
30923, <=50K, <=50K
30924, <=50K, <=50K
30925, <=50K, <=50K
30926, <=50K, <=50K
30927, <=50K, <=50K
30928, >50K, <=50K
30929, <=50K, <=50K
30930, <=50K, <=50K
30931, <=50K, <=50K
30932, >50K, <=50K
30933, <=50K, <=50K
30934, <=50K, <=50K
30935, <=50K, <=50K
30936, >50K, <=50K
30937, <=50K, <=50K
30938, <=50K, <=50K
30939, <=50K, <=50K
30940, <=50K, <=50K
30941, >50K, <=50K
30942, <=50K, <=50K
30943, <=50K, <=50K
30944, <=50K, <=50K
30945, >50K, >50K
30946, <=50K, <=50K
30947, <=50K, <=50K
30948, >50K, >50K
30949, <=50K, <=50K
30950, >50K, <=50K
30951, >50K, >50K
30952, <=50K, <=50K
30953, <=50K, <=50K
30954, >50K, >50K
30955, <=50K, <=50K
30956, <=50K, <=50K
30957, >50K, >50K
30958, <=50K, <=50K
30959, <=50K, <=50K
30960, >50K, <=50K
30961, >50K, >50K
30962, <=50K, <=50K
30963, <=50K, <=50K
30964, >50K, <=50K
30965, <=50K, <=50K
30966, <=50K, <=50K
30967, <=50K, <=50K
30968, <=50K, <=50K
30969, >50K, <=50K
30970, >50K, <=50K
30971, >50K, <=50K
30972, <=50K, <=50K
30973, >50K, <=50K
30974, <=50K, <=50K
30975, >50K, >50K
30976, <=50K, <=50K
30977, <=50K, <=50K
30978, <=50K, <=50K
30979, >50K, >50K
30980, >50K, <=50K
30981, >50K, <=50K
30982, >50K, <=50K
30983, <=50K, <=50K
30984, <=50K, >50K
30985, <=50K, <=50K
30986, <=50K, <=50K
30987, <=50K, <=50K
30988, <=50K, <=50K
30989, <=50K, <=50K
30990, <=50K, <=50K
30991, <=50K, <=50K
30992, <=50K, <=50K
30993, <=50K, <=50K
30994, <=50K, <=50K
30995, <=50K, <=50K
30996, <=50K, <=50K
30997, <=50K, <=50K
30998, <=50K, <=50K
30999, >50K, <=50K
31000, >50K, <=50K
31001, <=50K, <=50K
31002, <=50K, <=50K
31003, >50K, >50K
31004, <=50K, <=50K
31005, <=50K, <=50K
31006, >50K, >50K
31007, <=50K, <=50K
31008, >50K, <=50K
31009, <=50K, <=50K
31010, <=50K, <=50K
31011, >50K, <=50K
31012, <=50K, <=50K
31013, >50K, <=50K
31014, <=50K, <=50K
31015, >50K, <=50K
31016, >50K, <=50K
31017, <=50K, <=50K
31018, <=50K, <=50K
31019, <=50K, <=50K
31020, <=50K, <=50K
31021, <=50K, <=50K
31022, <=50K, <=50K
31023, <=50K, <=50K
31024, <=50K, <=50K
31025, <=50K, <=50K
31026, <=50K, <=50K
31027, <=50K, <=50K
31028, >50K, >50K
31029, <=50K, <=50K
31030, <=50K, <=50K
31031, <=50K, <=50K
31032, <=50K, <=50K
31033, <=50K, >50K
31034, <=50K, <=50K
31035, <=50K, >50K
31036, <=50K, <=50K
31037, <=50K, <=50K
31038, <=50K, <=50K
31039, <=50K, <=50K
31040, <=50K, <=50K
31041, <=50K, <=50K
31042, >50K, <=50K
31043, <=50K, <=50K
31044, <=50K, <=50K
31045, <=50K, <=50K
31046, <=50K, <=50K
31047, <=50K, <=50K
31048, <=50K, <=50K
31049, <=50K, <=50K
31050, >50K, <=50K
31051, <=50K, <=50K
31052, <=50K, <=50K
31053, <=50K, <=50K
31054, >50K, <=50K
31055, <=50K, <=50K
31056, >50K, >50K
31057, <=50K, <=50K
31058, <=50K, <=50K
31059, <=50K, <=50K
31060, >50K, <=50K
31061, <=50K, <=50K
31062, <=50K, >50K
31063, <=50K, <=50K
31064, <=50K, <=50K
31065, >50K, <=50K
31066, <=50K, <=50K
31067, >50K, <=50K
31068, <=50K, <=50K
31069, <=50K, <=50K
31070, >50K, <=50K
31071, >50K, <=50K
31072, <=50K, <=50K
31073, <=50K, <=50K
31074, <=50K, <=50K
31075, <=50K, <=50K
31076, <=50K, >50K
31077, >50K, >50K
31078, <=50K, <=50K
31079, <=50K, <=50K
31080, >50K, >50K
31081, <=50K, <=50K
31082, >50K, <=50K
31083, <=50K, <=50K
31084, >50K, <=50K
31085, <=50K, <=50K
31086, <=50K, <=50K
31087, <=50K, <=50K
31088, <=50K, <=50K
31089, <=50K, <=50K
31090, <=50K, <=50K
31091, <=50K, <=50K
31092, <=50K, <=50K
31093, >50K, <=50K
31094, <=50K, <=50K
31095, >50K, <=50K
31096, >50K, <=50K
31097, >50K, >50K
31098, <=50K, <=50K
31099, <=50K, <=50K
31100, <=50K, <=50K
31101, <=50K, <=50K
31102, <=50K, <=50K
31103, <=50K, <=50K
31104, >50K, >50K
31105, <=50K, <=50K
31106, >50K, >50K
31107, <=50K, <=50K
31108, <=50K, <=50K
31109, <=50K, <=50K
31110, >50K, <=50K
31111, >50K, >50K
31112, <=50K, <=50K
31113, <=50K, <=50K
31114, <=50K, <=50K
31115, <=50K, <=50K
31116, <=50K, <=50K
31117, <=50K, <=50K
31118, <=50K, <=50K
31119, <=50K, <=50K
31120, <=50K, <=50K
31121, <=50K, <=50K
31122, <=50K, <=50K
31123, <=50K, <=50K
31124, <=50K, <=50K
31125, >50K, <=50K
31126, >50K, <=50K
31127, <=50K, <=50K
31128, >50K, <=50K
31129, <=50K, <=50K
31130, >50K, <=50K
31131, <=50K, <=50K
31132, <=50K, <=50K
31133, <=50K, <=50K
31134, <=50K, <=50K
31135, <=50K, >50K
31136, >50K, <=50K
31137, <=50K, <=50K
31138, <=50K, <=50K
31139, >50K, >50K
31140, <=50K, <=50K
31141, <=50K, <=50K
31142, <=50K, <=50K
31143, <=50K, <=50K
31144, <=50K, <=50K
31145, <=50K, <=50K
31146, <=50K, <=50K
31147, <=50K, <=50K
31148, >50K, >50K
31149, >50K, >50K
31150, <=50K, <=50K
31151, >50K, >50K
31152, <=50K, <=50K
31153, <=50K, <=50K
31154, <=50K, <=50K
31155, <=50K, <=50K
31156, <=50K, <=50K
31157, <=50K, <=50K
31158, <=50K, <=50K
31159, >50K, <=50K
31160, <=50K, <=50K
31161, >50K, <=50K
31162, >50K, <=50K
31163, <=50K, <=50K
31164, >50K, >50K
31165, <=50K, <=50K
31166, <=50K, <=50K
31167, <=50K, <=50K
31168, <=50K, <=50K
31169, <=50K, <=50K
31170, <=50K, <=50K
31171, >50K, <=50K
31172, <=50K, <=50K
31173, <=50K, <=50K
31174, <=50K, <=50K
31175, <=50K, <=50K
31176, <=50K, <=50K
31177, <=50K, <=50K
31178, >50K, <=50K
31179, <=50K, <=50K
31180, >50K, <=50K
31181, <=50K, <=50K
31182, >50K, <=50K
31183, <=50K, <=50K
31184, <=50K, <=50K
31185, >50K, <=50K
31186, <=50K, <=50K
31187, <=50K, <=50K
31188, >50K, >50K
31189, >50K, <=50K
31190, <=50K, <=50K
31191, <=50K, <=50K
31192, <=50K, <=50K
31193, <=50K, <=50K
31194, <=50K, <=50K
31195, <=50K, <=50K
31196, <=50K, <=50K
31197, <=50K, <=50K
31198, >50K, <=50K
31199, <=50K, <=50K
31200, >50K, <=50K
31201, <=50K, <=50K
31202, <=50K, <=50K
31203, <=50K, <=50K
31204, >50K, >50K
31205, <=50K, <=50K
31206, >50K, <=50K
31207, >50K, <=50K
31208, <=50K, <=50K
31209, <=50K, <=50K
31210, <=50K, <=50K
31211, <=50K, <=50K
31212, <=50K, >50K
31213, <=50K, <=50K
31214, <=50K, <=50K
31215, <=50K, <=50K
31216, >50K, >50K
31217, <=50K, <=50K
31218, <=50K, >50K
31219, <=50K, <=50K
31220, <=50K, <=50K
31221, <=50K, <=50K
31222, <=50K, <=50K
31223, <=50K, <=50K
31224, <=50K, <=50K
31225, <=50K, <=50K
31226, >50K, >50K
31227, >50K, <=50K
31228, <=50K, <=50K
31229, >50K, >50K
31230, <=50K, >50K
31231, >50K, <=50K
31232, >50K, >50K
31233, <=50K, <=50K
31234, <=50K, <=50K
31235, >50K, <=50K
31236, <=50K, <=50K
31237, <=50K, <=50K
31238, <=50K, <=50K
31239, <=50K, <=50K
31240, <=50K, <=50K
31241, <=50K, <=50K
31242, <=50K, <=50K
31243, >50K, <=50K
31244, >50K, <=50K
31245, >50K, >50K
31246, <=50K, <=50K
31247, <=50K, <=50K
31248, <=50K, <=50K
31249, <=50K, <=50K
31250, >50K, <=50K
31251, <=50K, <=50K
31252, >50K, <=50K
31253, <=50K, <=50K
31254, >50K, <=50K
31255, <=50K, <=50K
31256, >50K, >50K
31257, <=50K, <=50K
31258, <=50K, <=50K
31259, <=50K, <=50K
31260, <=50K, <=50K
31261, <=50K, <=50K
31262, <=50K, <=50K
31263, <=50K, <=50K
31264, <=50K, <=50K
31265, <=50K, <=50K
31266, >50K, >50K
31267, >50K, >50K
31268, <=50K, <=50K
31269, <=50K, <=50K
31270, <=50K, <=50K
31271, >50K, <=50K
31272, >50K, <=50K
31273, <=50K, <=50K
31274, >50K, <=50K
31275, <=50K, <=50K
31276, <=50K, <=50K
31277, >50K, >50K
31278, <=50K, <=50K
31279, <=50K, <=50K
31280, >50K, >50K
31281, <=50K, <=50K
31282, >50K, >50K
31283, <=50K, <=50K
31284, <=50K, <=50K
31285, <=50K, <=50K
31286, <=50K, <=50K
31287, <=50K, >50K
31288, >50K, <=50K
31289, <=50K, <=50K
31290, <=50K, <=50K
31291, <=50K, <=50K
31292, <=50K, <=50K
31293, >50K, <=50K
31294, <=50K, <=50K
31295, >50K, >50K
31296, <=50K, <=50K
31297, <=50K, <=50K
31298, <=50K, <=50K
31299, <=50K, <=50K
31300, <=50K, <=50K
31301, >50K, <=50K
31302, >50K, <=50K
31303, <=50K, <=50K
31304, <=50K, <=50K
31305, <=50K, <=50K
31306, >50K, >50K
31307, <=50K, <=50K
31308, <=50K, <=50K
31309, <=50K, <=50K
31310, <=50K, <=50K
31311, >50K, >50K
31312, <=50K, <=50K
31313, <=50K, <=50K
31314, <=50K, <=50K
31315, <=50K, <=50K
31316, <=50K, <=50K
31317, <=50K, <=50K
31318, <=50K, <=50K
31319, <=50K, <=50K
31320, <=50K, <=50K
31321, >50K, <=50K
31322, >50K, <=50K
31323, <=50K, <=50K
31324, <=50K, >50K
31325, <=50K, <=50K
31326, <=50K, >50K
31327, >50K, >50K
31328, <=50K, <=50K
31329, <=50K, <=50K
31330, <=50K, <=50K
31331, >50K, >50K
31332, <=50K, <=50K
31333, >50K, <=50K
31334, <=50K, <=50K
31335, >50K, >50K
31336, <=50K, <=50K
31337, <=50K, <=50K
31338, >50K, <=50K
31339, <=50K, <=50K
31340, <=50K, <=50K
31341, <=50K, <=50K
31342, <=50K, <=50K
31343, <=50K, <=50K
31344, <=50K, <=50K
31345, <=50K, <=50K
31346, >50K, <=50K
31347, <=50K, <=50K
31348, <=50K, <=50K
31349, <=50K, <=50K
31350, <=50K, <=50K
31351, <=50K, <=50K
31352, <=50K, <=50K
31353, <=50K, <=50K
31354, >50K, <=50K
31355, >50K, <=50K
31356, <=50K, <=50K
31357, >50K, >50K
31358, <=50K, <=50K
31359, <=50K, <=50K
31360, <=50K, <=50K
31361, >50K, <=50K
31362, <=50K, <=50K
31363, <=50K, <=50K
31364, >50K, <=50K
31365, >50K, <=50K
31366, <=50K, <=50K
31367, >50K, <=50K
31368, >50K, <=50K
31369, <=50K, <=50K
31370, >50K, >50K
31371, <=50K, <=50K
31372, <=50K, <=50K
31373, <=50K, <=50K
31374, <=50K, <=50K
31375, >50K, <=50K
31376, <=50K, <=50K
31377, <=50K, <=50K
31378, <=50K, <=50K
31379, <=50K, <=50K
31380, >50K, >50K
31381, <=50K, <=50K
31382, <=50K, <=50K
31383, <=50K, <=50K
31384, <=50K, <=50K
31385, <=50K, <=50K
31386, <=50K, <=50K
31387, >50K, >50K
31388, >50K, >50K
31389, <=50K, <=50K
31390, >50K, <=50K
31391, >50K, <=50K
31392, <=50K, <=50K
31393, <=50K, <=50K
31394, <=50K, <=50K
31395, <=50K, <=50K
31396, <=50K, <=50K
31397, <=50K, <=50K
31398, >50K, <=50K
31399, <=50K, <=50K
31400, <=50K, <=50K
31401, >50K, <=50K
31402, <=50K, >50K
31403, <=50K, <=50K
31404, <=50K, <=50K
31405, >50K, >50K
31406, >50K, <=50K
31407, <=50K, <=50K
31408, <=50K, <=50K
31409, <=50K, <=50K
31410, <=50K, <=50K
31411, >50K, <=50K
31412, >50K, <=50K
31413, <=50K, <=50K
31414, <=50K, <=50K
31415, <=50K, <=50K
31416, <=50K, <=50K
31417, >50K, >50K
31418, <=50K, <=50K
31419, <=50K, <=50K
31420, >50K, <=50K
31421, <=50K, <=50K
31422, <=50K, <=50K
31423, <=50K, <=50K
31424, <=50K, <=50K
31425, >50K, <=50K
31426, <=50K, >50K
31427, <=50K, <=50K
31428, <=50K, <=50K
31429, <=50K, <=50K
31430, >50K, <=50K
31431, >50K, <=50K
31432, <=50K, <=50K
31433, <=50K, <=50K
31434, >50K, >50K
31435, >50K, >50K
31436, <=50K, <=50K
31437, <=50K, <=50K
31438, <=50K, <=50K
31439, <=50K, <=50K
31440, <=50K, <=50K
31441, <=50K, <=50K
31442, >50K, >50K
31443, <=50K, <=50K
31444, <=50K, <=50K
31445, <=50K, <=50K
31446, <=50K, <=50K
31447, >50K, <=50K
31448, >50K, >50K
31449, >50K, <=50K
31450, >50K, <=50K
31451, >50K, <=50K
31452, >50K, >50K
31453, >50K, <=50K
31454, >50K, >50K
31455, <=50K, <=50K
31456, >50K, <=50K
31457, >50K, <=50K
31458, <=50K, <=50K
31459, <=50K, <=50K
31460, <=50K, <=50K
31461, >50K, <=50K
31462, <=50K, <=50K
31463, <=50K, <=50K
31464, <=50K, <=50K
31465, <=50K, <=50K
31466, <=50K, <=50K
31467, <=50K, <=50K
31468, >50K, >50K
31469, >50K, <=50K
31470, <=50K, <=50K
31471, <=50K, <=50K
31472, <=50K, <=50K
31473, >50K, >50K
31474, <=50K, <=50K
31475, >50K, <=50K
31476, <=50K, <=50K
31477, <=50K, <=50K
31478, <=50K, <=50K
31479, <=50K, <=50K
31480, <=50K, <=50K
31481, >50K, <=50K
31482, <=50K, <=50K
31483, >50K, >50K
31484, <=50K, <=50K
31485, <=50K, <=50K
31486, >50K, <=50K
31487, <=50K, <=50K
31488, <=50K, <=50K
31489, >50K, >50K
31490, <=50K, <=50K
31491, >50K, <=50K
31492, <=50K, <=50K
31493, <=50K, <=50K
31494, <=50K, <=50K
31495, <=50K, <=50K
31496, >50K, <=50K
31497, <=50K, <=50K
31498, <=50K, <=50K
31499, <=50K, <=50K
31500, <=50K, <=50K
31501, <=50K, <=50K
31502, >50K, >50K
31503, >50K, <=50K
31504, <=50K, >50K
31505, >50K, <=50K
31506, <=50K, <=50K
31507, >50K, <=50K
31508, <=50K, <=50K
31509, <=50K, <=50K
31510, >50K, <=50K
31511, <=50K, <=50K
31512, >50K, <=50K
31513, >50K, >50K
31514, <=50K, <=50K
31515, >50K, <=50K
31516, >50K, <=50K
31517, <=50K, <=50K
31518, <=50K, <=50K
31519, >50K, <=50K
31520, <=50K, <=50K
31521, <=50K, <=50K
31522, <=50K, <=50K
31523, >50K, <=50K
31524, >50K, <=50K
31525, <=50K, <=50K
31526, <=50K, <=50K
31527, <=50K, <=50K
31528, <=50K, <=50K
31529, <=50K, <=50K
31530, <=50K, <=50K
31531, >50K, >50K
31532, <=50K, <=50K
31533, >50K, <=50K
31534, >50K, <=50K
31535, <=50K, <=50K
31536, <=50K, <=50K
31537, <=50K, <=50K
31538, <=50K, <=50K
31539, <=50K, <=50K
31540, <=50K, <=50K
31541, <=50K, <=50K
31542, >50K, <=50K
31543, <=50K, <=50K
31544, <=50K, <=50K
31545, <=50K, <=50K
31546, <=50K, <=50K
31547, <=50K, <=50K
31548, <=50K, <=50K
31549, <=50K, <=50K
31550, <=50K, <=50K
31551, <=50K, <=50K
31552, <=50K, <=50K
31553, <=50K, <=50K
31554, <=50K, <=50K
31555, <=50K, <=50K
31556, <=50K, <=50K
31557, <=50K, <=50K
31558, <=50K, <=50K
31559, >50K, >50K
31560, <=50K, <=50K
31561, >50K, >50K
31562, <=50K, <=50K
31563, <=50K, <=50K
31564, >50K, <=50K
31565, <=50K, <=50K
31566, <=50K, <=50K
31567, <=50K, <=50K
31568, <=50K, <=50K
31569, <=50K, <=50K
31570, <=50K, <=50K
31571, <=50K, <=50K
31572, <=50K, <=50K
31573, >50K, <=50K
31574, <=50K, <=50K
31575, <=50K, <=50K
31576, >50K, <=50K
31577, <=50K, <=50K
31578, >50K, >50K
31579, <=50K, <=50K
31580, >50K, <=50K
31581, >50K, <=50K
31582, <=50K, <=50K
31583, <=50K, <=50K
31584, <=50K, <=50K
31585, <=50K, <=50K
31586, <=50K, <=50K
31587, >50K, <=50K
31588, >50K, <=50K
31589, <=50K, <=50K
31590, <=50K, <=50K
31591, >50K, <=50K
31592, <=50K, <=50K
31593, <=50K, <=50K
31594, <=50K, <=50K
31595, <=50K, <=50K
31596, >50K, <=50K
31597, <=50K, <=50K
31598, <=50K, <=50K
31599, <=50K, <=50K
31600, <=50K, <=50K
31601, <=50K, <=50K
31602, <=50K, <=50K
31603, <=50K, <=50K
31604, >50K, <=50K
31605, <=50K, <=50K
31606, <=50K, <=50K
31607, <=50K, <=50K
31608, >50K, >50K
31609, >50K, <=50K
31610, <=50K, <=50K
31611, <=50K, <=50K
31612, <=50K, <=50K
31613, >50K, >50K
31614, <=50K, >50K
31615, <=50K, <=50K
31616, <=50K, <=50K
31617, <=50K, <=50K
31618, >50K, >50K
31619, <=50K, <=50K
31620, >50K, <=50K
31621, <=50K, <=50K
31622, <=50K, <=50K
31623, >50K, <=50K
31624, <=50K, <=50K
31625, <=50K, <=50K
31626, <=50K, <=50K
31627, <=50K, <=50K
31628, >50K, <=50K
31629, <=50K, <=50K
31630, <=50K, <=50K
31631, <=50K, <=50K
31632, <=50K, <=50K
31633, >50K, >50K
31634, <=50K, <=50K
31635, <=50K, <=50K
31636, <=50K, <=50K
31637, <=50K, <=50K
31638, <=50K, <=50K
31639, >50K, <=50K
31640, <=50K, <=50K
31641, <=50K, <=50K
31642, <=50K, <=50K
31643, <=50K, >50K
31644, <=50K, <=50K
31645, >50K, >50K
31646, >50K, <=50K
31647, <=50K, <=50K
31648, >50K, <=50K
31649, <=50K, <=50K
31650, <=50K, <=50K
31651, <=50K, <=50K
31652, >50K, >50K
31653, >50K, <=50K
31654, >50K, >50K
31655, >50K, <=50K
31656, <=50K, <=50K
31657, <=50K, <=50K
31658, <=50K, <=50K
31659, <=50K, <=50K
31660, <=50K, <=50K
31661, <=50K, <=50K
31662, <=50K, <=50K
31663, <=50K, <=50K
31664, <=50K, <=50K
31665, <=50K, <=50K
31666, <=50K, <=50K
31667, <=50K, <=50K
31668, <=50K, <=50K
31669, >50K, <=50K
31670, >50K, >50K
31671, >50K, <=50K
31672, <=50K, <=50K
31673, >50K, <=50K
31674, >50K, <=50K
31675, <=50K, <=50K
31676, <=50K, <=50K
31677, <=50K, <=50K
31678, <=50K, <=50K
31679, <=50K, <=50K
31680, >50K, <=50K
31681, >50K, >50K
31682, <=50K, <=50K
31683, <=50K, <=50K
31684, >50K, <=50K
31685, <=50K, <=50K
31686, <=50K, <=50K
31687, <=50K, <=50K
31688, >50K, >50K
31689, <=50K, >50K
31690, >50K, <=50K
31691, <=50K, <=50K
31692, <=50K, <=50K
31693, <=50K, <=50K
31694, <=50K, <=50K
31695, <=50K, <=50K
31696, >50K, <=50K
31697, >50K, <=50K
31698, <=50K, <=50K
31699, <=50K, <=50K
31700, <=50K, <=50K
31701, <=50K, <=50K
31702, <=50K, >50K
31703, >50K, >50K
31704, <=50K, <=50K
31705, <=50K, <=50K
31706, <=50K, <=50K
31707, <=50K, <=50K
31708, <=50K, <=50K
31709, <=50K, <=50K
31710, <=50K, <=50K
31711, <=50K, <=50K
31712, <=50K, <=50K
31713, <=50K, <=50K
31714, >50K, <=50K
31715, <=50K, <=50K
31716, <=50K, <=50K
31717, <=50K, <=50K
31718, <=50K, <=50K
31719, <=50K, <=50K
31720, <=50K, <=50K
31721, <=50K, <=50K
31722, <=50K, <=50K
31723, <=50K, <=50K
31724, <=50K, <=50K
31725, <=50K, <=50K
31726, <=50K, <=50K
31727, >50K, >50K
31728, <=50K, <=50K
31729, >50K, <=50K
31730, >50K, <=50K
31731, <=50K, <=50K
31732, <=50K, >50K
31733, >50K, >50K
31734, <=50K, <=50K
31735, <=50K, >50K
31736, <=50K, <=50K
31737, <=50K, <=50K
31738, <=50K, <=50K
31739, <=50K, <=50K
31740, <=50K, <=50K
31741, <=50K, <=50K
31742, >50K, >50K
31743, >50K, <=50K
31744, >50K, <=50K
31745, >50K, <=50K
31746, <=50K, <=50K
31747, >50K, <=50K
31748, >50K, <=50K
31749, <=50K, <=50K
31750, >50K, <=50K
31751, <=50K, <=50K
31752, >50K, <=50K
31753, <=50K, <=50K
31754, <=50K, <=50K
31755, <=50K, <=50K
31756, <=50K, <=50K
31757, <=50K, <=50K
31758, <=50K, <=50K
31759, <=50K, <=50K
31760, <=50K, <=50K
31761, >50K, <=50K
31762, <=50K, <=50K
31763, >50K, <=50K
31764, >50K, >50K
31765, <=50K, <=50K
31766, <=50K, <=50K
31767, <=50K, <=50K
31768, <=50K, <=50K
31769, <=50K, <=50K
31770, <=50K, <=50K
31771, <=50K, <=50K
31772, <=50K, <=50K
31773, >50K, <=50K
31774, <=50K, <=50K
31775, >50K, <=50K
31776, >50K, >50K
31777, <=50K, <=50K
31778, <=50K, <=50K
31779, <=50K, <=50K
31780, <=50K, <=50K
31781, <=50K, <=50K
31782, <=50K, <=50K
31783, >50K, <=50K
31784, <=50K, <=50K
31785, <=50K, <=50K
31786, >50K, >50K
31787, <=50K, <=50K
31788, >50K, <=50K
31789, <=50K, <=50K
31790, <=50K, <=50K
31791, <=50K, >50K
31792, <=50K, <=50K
31793, <=50K, <=50K
31794, >50K, <=50K
31795, >50K, >50K
31796, <=50K, <=50K
31797, <=50K, <=50K
31798, <=50K, <=50K
31799, >50K, >50K
31800, <=50K, >50K
31801, <=50K, <=50K
31802, >50K, >50K
31803, <=50K, <=50K
31804, <=50K, <=50K
31805, <=50K, <=50K
31806, <=50K, <=50K
31807, >50K, <=50K
31808, <=50K, <=50K
31809, >50K, >50K
31810, <=50K, <=50K
31811, <=50K, <=50K
31812, <=50K, <=50K
31813, <=50K, <=50K
31814, <=50K, <=50K
31815, >50K, >50K
31816, >50K, <=50K
31817, <=50K, <=50K
31818, <=50K, <=50K
31819, >50K, >50K
31820, <=50K, <=50K
31821, <=50K, <=50K
31822, <=50K, <=50K
31823, <=50K, <=50K
31824, <=50K, <=50K
31825, >50K, <=50K
31826, >50K, <=50K
31827, <=50K, <=50K
31828, >50K, >50K
31829, <=50K, <=50K
31830, >50K, <=50K
31831, >50K, >50K
31832, <=50K, <=50K
31833, <=50K, <=50K
31834, <=50K, <=50K
31835, <=50K, <=50K
31836, <=50K, <=50K
31837, <=50K, <=50K
31838, <=50K, <=50K
31839, <=50K, <=50K
31840, >50K, <=50K
31841, <=50K, <=50K
31842, >50K, >50K
31843, <=50K, <=50K
31844, <=50K, <=50K
31845, >50K, >50K
31846, <=50K, <=50K
31847, <=50K, <=50K
31848, >50K, <=50K
31849, <=50K, <=50K
31850, <=50K, <=50K
31851, >50K, >50K
31852, <=50K, <=50K
31853, <=50K, <=50K
31854, <=50K, <=50K
31855, <=50K, <=50K
31856, <=50K, <=50K
31857, <=50K, <=50K
31858, <=50K, <=50K
31859, <=50K, <=50K
31860, <=50K, <=50K
31861, <=50K, <=50K
31862, <=50K, <=50K
31863, <=50K, <=50K
31864, <=50K, <=50K
31865, <=50K, <=50K
31866, <=50K, <=50K
31867, <=50K, <=50K
31868, <=50K, <=50K
31869, >50K, <=50K
31870, <=50K, <=50K
31871, <=50K, <=50K
31872, >50K, >50K
31873, <=50K, <=50K
31874, <=50K, <=50K
31875, <=50K, <=50K
31876, <=50K, <=50K
31877, <=50K, <=50K
31878, >50K, <=50K
31879, <=50K, <=50K
31880, <=50K, <=50K
31881, >50K, <=50K
31882, <=50K, <=50K
31883, <=50K, <=50K
31884, >50K, <=50K
31885, <=50K, <=50K
31886, <=50K, <=50K
31887, <=50K, <=50K
31888, <=50K, <=50K
31889, <=50K, <=50K
31890, <=50K, <=50K
31891, <=50K, <=50K
31892, <=50K, <=50K
31893, <=50K, <=50K
31894, >50K, <=50K
31895, >50K, <=50K
31896, <=50K, <=50K
31897, <=50K, <=50K
31898, >50K, >50K
31899, <=50K, <=50K
31900, <=50K, <=50K
31901, <=50K, <=50K
31902, <=50K, <=50K
31903, >50K, >50K
31904, <=50K, <=50K
31905, <=50K, <=50K
31906, >50K, <=50K
31907, >50K, <=50K
31908, <=50K, <=50K
31909, <=50K, <=50K
31910, <=50K, <=50K
31911, >50K, <=50K
31912, <=50K, <=50K
31913, <=50K, <=50K
31914, >50K, <=50K
31915, <=50K, <=50K
31916, <=50K, <=50K
31917, <=50K, <=50K
31918, >50K, <=50K
31919, <=50K, <=50K
31920, <=50K, <=50K
31921, <=50K, <=50K
31922, <=50K, <=50K
31923, <=50K, <=50K
31924, <=50K, <=50K
31925, <=50K, <=50K
31926, <=50K, <=50K
31927, <=50K, <=50K
31928, <=50K, <=50K
31929, <=50K, <=50K
31930, <=50K, <=50K
31931, <=50K, <=50K
31932, <=50K, <=50K
31933, <=50K, <=50K
31934, <=50K, <=50K
31935, <=50K, <=50K
31936, <=50K, >50K
31937, <=50K, <=50K
31938, >50K, <=50K
31939, >50K, >50K
31940, <=50K, <=50K
31941, <=50K, <=50K
31942, <=50K, <=50K
31943, <=50K, <=50K
31944, <=50K, <=50K
31945, <=50K, <=50K
31946, >50K, <=50K
31947, <=50K, <=50K
31948, <=50K, <=50K
31949, <=50K, <=50K
31950, >50K, <=50K
31951, <=50K, <=50K
31952, <=50K, <=50K
31953, >50K, >50K
31954, <=50K, <=50K
31955, <=50K, <=50K
31956, <=50K, <=50K
31957, <=50K, <=50K
31958, >50K, >50K
31959, <=50K, <=50K
31960, <=50K, <=50K
31961, <=50K, <=50K
31962, <=50K, <=50K
31963, <=50K, <=50K
31964, <=50K, <=50K
31965, <=50K, <=50K
31966, >50K, >50K
31967, >50K, >50K
31968, >50K, <=50K
31969, <=50K, <=50K
31970, <=50K, <=50K
31971, <=50K, <=50K
31972, >50K, >50K
31973, <=50K, <=50K
31974, <=50K, <=50K
31975, <=50K, <=50K
31976, <=50K, <=50K
31977, >50K, >50K
31978, >50K, <=50K
31979, <=50K, <=50K
31980, <=50K, <=50K
31981, <=50K, <=50K
31982, <=50K, <=50K
31983, <=50K, <=50K
31984, <=50K, <=50K
31985, <=50K, <=50K
31986, >50K, <=50K
31987, <=50K, <=50K
31988, <=50K, <=50K
31989, <=50K, <=50K
31990, >50K, >50K
31991, <=50K, <=50K
31992, >50K, <=50K
31993, <=50K, <=50K
31994, <=50K, <=50K
31995, <=50K, <=50K
31996, >50K, <=50K
31997, >50K, <=50K
31998, >50K, <=50K
31999, <=50K, <=50K
32000, <=50K, <=50K
32001, >50K, >50K
32002, <=50K, <=50K
32003, <=50K, <=50K
32004, >50K, <=50K
32005, >50K, >50K
32006, <=50K, <=50K
32007, <=50K, >50K
32008, <=50K, <=50K
32009, <=50K, >50K
32010, <=50K, <=50K
32011, <=50K, <=50K
32012, >50K, >50K
32013, <=50K, >50K
32014, <=50K, <=50K
32015, <=50K, <=50K
32016, >50K, <=50K
32017, <=50K, <=50K
32018, <=50K, <=50K
32019, <=50K, <=50K
32020, <=50K, >50K
32021, <=50K, <=50K
32022, <=50K, <=50K
32023, <=50K, <=50K
32024, >50K, <=50K
32025, >50K, <=50K
32026, <=50K, <=50K
32027, >50K, >50K
32028, >50K, <=50K
32029, >50K, <=50K
32030, <=50K, <=50K
32031, <=50K, <=50K
32032, <=50K, <=50K
32033, <=50K, <=50K
32034, <=50K, <=50K
32035, <=50K, >50K
32036, <=50K, <=50K
32037, <=50K, >50K
32038, >50K, <=50K
32039, <=50K, <=50K
32040, <=50K, <=50K
32041, <=50K, <=50K
32042, <=50K, <=50K
32043, <=50K, <=50K
32044, <=50K, <=50K
32045, <=50K, <=50K
32046, >50K, <=50K
32047, <=50K, <=50K
32048, <=50K, <=50K
32049, >50K, <=50K
32050, <=50K, >50K
32051, <=50K, <=50K
32052, >50K, <=50K
32053, <=50K, >50K
32054, <=50K, <=50K
32055, <=50K, <=50K
32056, <=50K, <=50K
32057, <=50K, <=50K
32058, <=50K, <=50K
32059, <=50K, <=50K
32060, <=50K, <=50K
32061, <=50K, >50K
32062, <=50K, <=50K
32063, >50K, >50K
32064, <=50K, <=50K
32065, <=50K, <=50K
32066, <=50K, <=50K
32067, >50K, <=50K
32068, <=50K, <=50K
32069, <=50K, <=50K
32070, <=50K, <=50K
32071, <=50K, <=50K
32072, <=50K, <=50K
32073, <=50K, <=50K
32074, <=50K, <=50K
32075, <=50K, <=50K
32076, >50K, <=50K
32077, >50K, <=50K
32078, <=50K, <=50K
32079, >50K, <=50K
32080, <=50K, <=50K
32081, >50K, <=50K
32082, <=50K, <=50K
32083, <=50K, <=50K
32084, >50K, <=50K
32085, <=50K, <=50K
32086, <=50K, <=50K
32087, <=50K, <=50K
32088, <=50K, <=50K
32089, <=50K, <=50K
32090, >50K, >50K
32091, <=50K, <=50K
32092, >50K, >50K
32093, <=50K, <=50K
32094, <=50K, <=50K
32095, <=50K, <=50K
32096, <=50K, <=50K
32097, <=50K, <=50K
32098, >50K, >50K
32099, <=50K, <=50K
32100, <=50K, <=50K
32101, <=50K, <=50K
32102, >50K, <=50K
32103, <=50K, <=50K
32104, <=50K, <=50K
32105, <=50K, <=50K
32106, <=50K, <=50K
32107, <=50K, <=50K
32108, <=50K, <=50K
32109, >50K, <=50K
32110, <=50K, <=50K
32111, <=50K, <=50K
32112, <=50K, <=50K
32113, <=50K, <=50K
32114, >50K, <=50K
32115, >50K, <=50K
32116, <=50K, <=50K
32117, >50K, <=50K
32118, <=50K, <=50K
32119, >50K, <=50K
32120, <=50K, <=50K
32121, <=50K, <=50K
32122, <=50K, <=50K
32123, >50K, >50K
32124, <=50K, <=50K
32125, >50K, <=50K
32126, <=50K, <=50K
32127, <=50K, <=50K
32128, <=50K, <=50K
32129, >50K, <=50K
32130, >50K, >50K
32131, >50K, >50K
32132, <=50K, <=50K
32133, >50K, <=50K
32134, <=50K, <=50K
32135, >50K, >50K
32136, <=50K, <=50K
32137, <=50K, <=50K
32138, >50K, >50K
32139, >50K, >50K
32140, <=50K, <=50K
32141, <=50K, <=50K
32142, <=50K, <=50K
32143, <=50K, <=50K
32144, <=50K, <=50K
32145, <=50K, <=50K
32146, <=50K, <=50K
32147, <=50K, <=50K
32148, <=50K, <=50K
32149, <=50K, <=50K
32150, <=50K, <=50K
32151, <=50K, <=50K
32152, <=50K, <=50K
32153, <=50K, <=50K
32154, <=50K, <=50K
32155, <=50K, <=50K
32156, >50K, >50K
32157, <=50K, <=50K
32158, <=50K, <=50K
32159, <=50K, >50K
32160, <=50K, <=50K
32161, >50K, <=50K
32162, <=50K, <=50K
32163, <=50K, <=50K
32164, >50K, >50K
32165, <=50K, <=50K
32166, <=50K, <=50K
32167, <=50K, <=50K
32168, <=50K, <=50K
32169, <=50K, <=50K
32170, <=50K, <=50K
32171, <=50K, <=50K
32172, <=50K, <=50K
32173, >50K, <=50K
32174, <=50K, <=50K
32175, <=50K, <=50K
32176, <=50K, <=50K
32177, <=50K, <=50K
32178, <=50K, <=50K
32179, >50K, >50K
32180, <=50K, <=50K
32181, >50K, <=50K
32182, <=50K, <=50K
32183, >50K, <=50K
32184, <=50K, <=50K
32185, >50K, <=50K
32186, <=50K, <=50K
32187, <=50K, <=50K
32188, <=50K, <=50K
32189, <=50K, <=50K
32190, <=50K, <=50K
32191, <=50K, <=50K
32192, <=50K, <=50K
32193, <=50K, <=50K
32194, <=50K, <=50K
32195, >50K, <=50K
32196, <=50K, <=50K
32197, <=50K, <=50K
32198, >50K, >50K
32199, >50K, <=50K
32200, <=50K, <=50K
32201, <=50K, <=50K
32202, <=50K, <=50K
32203, >50K, >50K
32204, <=50K, <=50K
32205, <=50K, <=50K
32206, <=50K, <=50K
32207, <=50K, <=50K
32208, <=50K, <=50K
32209, <=50K, <=50K
32210, <=50K, <=50K
32211, <=50K, <=50K
32212, <=50K, <=50K
32213, <=50K, <=50K
32214, >50K, <=50K
32215, <=50K, <=50K
32216, >50K, >50K
32217, <=50K, <=50K
32218, <=50K, >50K
32219, <=50K, <=50K
32220, <=50K, <=50K
32221, >50K, >50K
32222, >50K, >50K
32223, <=50K, <=50K
32224, <=50K, <=50K
32225, <=50K, <=50K
32226, <=50K, <=50K
32227, <=50K, <=50K
32228, >50K, >50K
32229, <=50K, <=50K
32230, >50K, >50K
32231, <=50K, <=50K
32232, <=50K, <=50K
32233, <=50K, <=50K
32234, >50K, <=50K
32235, <=50K, <=50K
32236, >50K, <=50K
32237, <=50K, <=50K
32238, >50K, >50K
32239, <=50K, <=50K
32240, <=50K, <=50K
32241, <=50K, <=50K
32242, <=50K, <=50K
32243, <=50K, <=50K
32244, <=50K, <=50K
32245, >50K, <=50K
32246, >50K, <=50K
32247, >50K, <=50K
32248, <=50K, <=50K
32249, >50K, >50K
32250, >50K, >50K
32251, <=50K, <=50K
32252, <=50K, <=50K
32253, <=50K, <=50K
32254, >50K, >50K
32255, <=50K, <=50K
32256, >50K, <=50K
32257, <=50K, <=50K
32258, >50K, >50K
32259, <=50K, <=50K
32260, >50K, <=50K
32261, <=50K, <=50K
32262, <=50K, <=50K
32263, <=50K, <=50K
32264, <=50K, >50K
32265, >50K, <=50K
32266, >50K, >50K
32267, >50K, >50K
32268, <=50K, <=50K
32269, <=50K, <=50K
32270, <=50K, >50K
32271, >50K, <=50K
32272, >50K, <=50K
32273, <=50K, <=50K
32274, <=50K, <=50K
32275, <=50K, <=50K
32276, <=50K, <=50K
32277, <=50K, <=50K
32278, <=50K, <=50K
32279, <=50K, <=50K
32280, <=50K, <=50K
32281, <=50K, <=50K
32282, <=50K, <=50K
32283, <=50K, <=50K
32284, <=50K, <=50K
32285, <=50K, <=50K
32286, <=50K, <=50K
32287, >50K, >50K
32288, <=50K, <=50K
32289, <=50K, <=50K
32290, <=50K, <=50K
32291, <=50K, <=50K
32292, >50K, <=50K
32293, <=50K, <=50K
32294, <=50K, <=50K
32295, >50K, <=50K
32296, <=50K, <=50K
32297, >50K, <=50K
32298, <=50K, <=50K
32299, <=50K, <=50K
32300, <=50K, >50K
32301, <=50K, >50K
32302, >50K, <=50K
32303, <=50K, <=50K
32304, <=50K, <=50K
32305, >50K, <=50K
32306, <=50K, <=50K
32307, >50K, >50K
32308, >50K, >50K
32309, <=50K, <=50K
32310, <=50K, <=50K
32311, >50K, >50K
32312, <=50K, <=50K
32313, <=50K, <=50K
32314, <=50K, <=50K
32315, <=50K, <=50K
32316, <=50K, <=50K
32317, <=50K, <=50K
32318, >50K, <=50K
32319, <=50K, <=50K
32320, <=50K, <=50K
32321, <=50K, <=50K
32322, <=50K, <=50K
32323, <=50K, <=50K
32324, <=50K, <=50K
32325, <=50K, <=50K
32326, >50K, >50K
32327, <=50K, <=50K
32328, <=50K, <=50K
32329, <=50K, <=50K
32330, <=50K, <=50K
32331, <=50K, <=50K
32332, <=50K, <=50K
32333, >50K, <=50K
32334, <=50K, <=50K
32335, <=50K, <=50K
32336, <=50K, <=50K
32337, <=50K, <=50K
32338, <=50K, <=50K
32339, <=50K, <=50K
32340, <=50K, <=50K
32341, >50K, >50K
32342, <=50K, <=50K
32343, <=50K, <=50K
32344, <=50K, <=50K
32345, <=50K, <=50K
32346, <=50K, <=50K
32347, >50K, <=50K
32348, <=50K, <=50K
32349, <=50K, <=50K
32350, <=50K, <=50K
32351, <=50K, <=50K
32352, <=50K, <=50K
32353, <=50K, <=50K
32354, <=50K, >50K
32355, <=50K, <=50K
32356, <=50K, <=50K
32357, <=50K, <=50K
32358, >50K, <=50K
32359, <=50K, <=50K
32360, <=50K, <=50K
32361, <=50K, <=50K
32362, <=50K, <=50K
32363, <=50K, <=50K
32364, <=50K, <=50K
32365, >50K, >50K
32366, <=50K, <=50K
32367, <=50K, <=50K
32368, <=50K, <=50K
32369, <=50K, <=50K
32370, >50K, >50K
32371, >50K, <=50K
32372, >50K, <=50K
32373, <=50K, <=50K
32374, <=50K, <=50K
32375, >50K, <=50K
32376, <=50K, <=50K
32377, <=50K, <=50K
32378, <=50K, <=50K
32379, <=50K, <=50K
32380, <=50K, <=50K
32381, <=50K, <=50K
32382, <=50K, <=50K
32383, <=50K, <=50K
32384, <=50K, <=50K
32385, <=50K, <=50K
32386, >50K, <=50K
32387, <=50K, <=50K
32388, <=50K, <=50K
32389, >50K, <=50K
32390, <=50K, <=50K
32391, <=50K, <=50K
32392, <=50K, <=50K
32393, <=50K, >50K
32394, <=50K, <=50K
32395, <=50K, <=50K
32396, <=50K, <=50K
32397, <=50K, <=50K
32398, <=50K, <=50K
32399, >50K, >50K
32400, >50K, >50K
32401, <=50K, <=50K
32402, >50K, <=50K
32403, <=50K, <=50K
32404, <=50K, <=50K
32405, <=50K, <=50K
32406, <=50K, <=50K
32407, <=50K, <=50K
32408, <=50K, <=50K
32409, <=50K, <=50K
32410, <=50K, <=50K
32411, <=50K, <=50K
32412, <=50K, <=50K
32413, <=50K, <=50K
32414, <=50K, <=50K
32415, >50K, <=50K
32416, >50K, >50K
32417, <=50K, <=50K
32418, <=50K, <=50K
32419, >50K, <=50K
32420, <=50K, <=50K
32421, <=50K, <=50K
32422, <=50K, <=50K
32423, <=50K, <=50K
32424, <=50K, <=50K
32425, <=50K, <=50K
32426, <=50K, <=50K
32427, <=50K, <=50K
32428, <=50K, <=50K
32429, >50K, <=50K
32430, <=50K, <=50K
32431, <=50K, <=50K
32432, <=50K, <=50K
32433, <=50K, <=50K
32434, <=50K, >50K
32435, <=50K, <=50K
32436, >50K, <=50K
32437, <=50K, <=50K
32438, >50K, <=50K
32439, <=50K, <=50K
32440, >50K, <=50K
32441, >50K, >50K
32442, <=50K, <=50K
32443, <=50K, <=50K
32444, <=50K, <=50K
32445, <=50K, <=50K
32446, <=50K, <=50K
32447, <=50K, <=50K
32448, <=50K, <=50K
32449, >50K, <=50K
32450, <=50K, <=50K
32451, <=50K, <=50K
32452, <=50K, <=50K
32453, >50K, <=50K
32454, <=50K, <=50K
32455, >50K, <=50K
32456, <=50K, <=50K
32457, >50K, <=50K
32458, >50K, >50K
32459, <=50K, <=50K
32460, <=50K, <=50K
32461, <=50K, <=50K
32462, >50K, >50K
32463, <=50K, <=50K
32464, >50K, <=50K
32465, <=50K, <=50K
32466, >50K, >50K
32467, <=50K, <=50K
32468, <=50K, <=50K
32469, <=50K, <=50K
32470, <=50K, <=50K
32471, <=50K, <=50K
32472, <=50K, <=50K
32473, <=50K, <=50K
32474, >50K, <=50K
32475, <=50K, <=50K
32476, <=50K, <=50K
32477, <=50K, <=50K
32478, <=50K, <=50K
32479, <=50K, <=50K
32480, >50K, <=50K
32481, <=50K, <=50K
32482, <=50K, <=50K
32483, <=50K, <=50K
32484, <=50K, <=50K
32485, <=50K, <=50K
32486, <=50K, <=50K
32487, <=50K, <=50K
32488, <=50K, <=50K
32489, <=50K, <=50K
32490, <=50K, <=50K
32491, <=50K, <=50K
32492, <=50K, <=50K
32493, <=50K, <=50K
32494, <=50K, <=50K
32495, <=50K, <=50K
32496, <=50K, <=50K
32497, <=50K, <=50K
32498, <=50K, <=50K
32499, <=50K, <=50K
32500, <=50K, <=50K
32501, <=50K, <=50K
32502, <=50K, <=50K
32503, <=50K, <=50K
32504, >50K, <=50K
32505, <=50K, <=50K
32506, >50K, <=50K
32507, <=50K, <=50K
32508, <=50K, <=50K
32509, <=50K, <=50K
32510, >50K, <=50K
32511, <=50K, <=50K
32512, <=50K, <=50K
32513, >50K, <=50K
32514, <=50K, <=50K
32515, <=50K, <=50K
32516, <=50K, <=50K
32517, <=50K, <=50K
32518, >50K, >50K
32519, >50K, <=50K
32520, <=50K, <=50K
32521, <=50K, <=50K
32522, <=50K, <=50K
32523, <=50K, <=50K
32524, <=50K, <=50K
32525, <=50K, <=50K
32526, <=50K, <=50K
32527, <=50K, <=50K
32528, <=50K, <=50K
32529, <=50K, <=50K
32530, >50K, <=50K
32531, <=50K, <=50K
32532, >50K, >50K
32533, >50K, <=50K
32534, <=50K, <=50K
32535, <=50K, <=50K
32536, >50K, <=50K
32537, <=50K, <=50K
32538, >50K, >50K
32539, >50K, <=50K
32540, <=50K, <=50K
32541, <=50K, <=50K
32542, <=50K, <=50K
32543, <=50K, <=50K
32544, <=50K, <=50K
32545, >50K, <=50K
32546, <=50K, <=50K
32547, <=50K, <=50K
32548, <=50K, <=50K
32549, <=50K, <=50K
32550, <=50K, <=50K
32551, <=50K, <=50K
32552, <=50K, <=50K
32553, <=50K, <=50K
32554, >50K, <=50K
32555, <=50K, <=50K
32556, <=50K, <=50K
32557, >50K, <=50K
32558, <=50K, <=50K
32559, <=50K, <=50K
32560, >50K, >50K
ACCURACY: 0.8082
