,Shell weight,Shell weightPredicted
6700,1,0.763319289719
6701,0,0.763120717761
6702,1,1.04010380904
6703,1,0.786248880014
6704,1,0.765024313078
6705,0,0.331159380167
6706,1,0.760892091951
6707,1,1.03398882408
6708,0,0.760892091951
6709,1,0.769795359822
6710,1,1.02751275398
6711,1,1.03289854575
6712,0,0.319715035412
6713,0,0.325673842829
6714,1,0.331010221405
6715,0,0.76870508149
6716,1,0.318010012052
6717,1,0.597680296627
6718,1,0.757360482302
6719,1,0.587539854888
6720,0,0.772073398828
6721,1,0.760892091951
6722,0,0.776368912267
6723,1,1.03512717156
6724,1,1.04056237653
6725,0,0.322773944029
6726,1,0.76870508149
6727,1,0.776319499071
6728,1,1.03243997827
6729,1,0.770983120496
6730,1,0.777459190599
6731,1,1.02751275398
6732,1,0.777409777403
6733,1,0.590598763505
6734,1,1.03471801727
6735,1,0.750637771095
6736,1,0.76611459141
6737,1,0.749547492763
6738,1,0.772073398828
6739,1,1.03269997379
6740,1,0.770983120496
6741,1,1.04010380904
6742,0,0.331208793362
6743,1,1.03512717156
6744,1,0.768655668295
6745,1,0.76870508149
6746,1,0.769795359822
6747,1,0.777459190599
6748,1,0.76870508149
6749,1,1.0270047733
6750,1,0.777459190599
6751,1,1.03626686309
6752,1,0.594794531377
6753,1,1.02109537908
6754,0,0.338872624139
6755,1,0.760892091951
6756,0,0.346325394118
6757,1,0.758351015067
6758,1,1.04165265486
6759,1,0.764409568051
6760,0,0.776368912267
6761,1,0.591106744183
6762,0,0.776368912267
6763,1,1.04005439585
6764,1,0.555593117606
6765,1,0.762811309041
6766,1,1.0358082956
6767,1,1.03243997827
6768,0,0.779675327569
6769,0,0.791634671785
6770,0,0.76611459141
6771,1,0.770983120496
6772,0,0.323395803823
6773,0,0.315568680735
6774,1,1.00732905218
6775,1,0.768655668295
6776,1,0.76870508149
6777,1,1.04051296333
6778,0,0.3310596346
6779,1,0.775910344784
6780,0,0.568642740153
6781,1,0.761982370283
6782,0,0.299014070927
6783,1,1.03398882408
6784,1,0.749596905958
6785,0,0.317960598857
6786,1,0.765024313078
6787,1,1.02921777734
6788,1,1.04119408738
6789,0,0.768555922728
6790,1,0.776368912267
6791,1,1.03512717156
6792,1,0.768555922728
6793,1,0.76870508149
6794,1,0.583908499671
6795,0,0.769795359822
6796,1,0.776368912267
6797,1,0.768655668295
6798,1,1.04165265486
6799,0,0.325673842829
6800,1,1.04051296333
6801,1,0.772073398828
6802,1,0.749138338476
6803,0,0.3310596346
6804,0,0.317960598857
6805,1,0.776368912267
6806,0,0.76870508149
6807,1,0.75550630018
6808,1,0.59525309886
6809,1,0.772023985632
6810,1,0.332299071694
6811,0,0.3310596346
6812,1,1.04005439585
6813,1,1.02617583454
6814,1,1.02751275398
6815,0,0.318010012052
6816,0,0.322937236341
6817,0,0.563256948382
6818,0,0.339962902471
6819,1,0.769745946627
6820,1,1.03243997827
6821,1,0.776368912267
6822,1,0.764360154856
6823,0,0.323395803823
6824,0,0.320805313744
6825,0,0.770983120496
6826,1,0.777459190599
6827,1,0.76870508149
6828,0,0.777409777403
6829,1,1.00856622605
6830,0,0.772073398828
6831,0,0.328667716478
6832,0,0.323395803823
6833,1,0.765656023928
6834,0,0.763269876524
6835,1,0.770983120496
6836,1,0.76870508149
6837,1,0.776368912267
6838,0,0.764360154856
6839,1,0.769745946627
6840,1,0.757360482302
6841,0,0.319715035412
6842,1,1.02508555621
6843,1,0.768555922728
6844,0,0.325773588396
6845,1,0.777459190599
6846,1,1.03393941089
6847,1,0.762860722236
6848,1,0.76870508149
6849,0,0.325624429634
6850,1,1.03284913255
6851,0,0.777409777403
6852,0,0.3310596346
6853,0,0.319715035412
6854,0,0.31210061783
6855,1,0.575786101412
6856,1,0.742045309588
6857,1,1.04114467418
6858,1,0.768555922728
6859,1,0.568642740153
6860,0,0.319715035412
6861,1,0.76964620106
6862,1,0.768555922728
6863,0,0.325624429634
6864,1,0.769795359822
6865,1,1.02109537908
6866,1,0.348802005081
6867,1,1.04119408738
6868,0,0.3310596346
6869,1,1.02751275398
6870,1,1.03398882408
6871,1,0.777409777403
6872,1,1.03512717156
6873,1,1.03517658476
6874,1,0.590598763505
6875,1,0.76870508149
6876,1,0.576244668895
6877,1,1.03030805567
6878,1,0.760892091951
6879,0,0.777459190599
6880,1,0.760892091951
6881,1,0.758450760634
6882,1,1.04056237653
6883,1,0.764409568051
6884,1,1.04114467418
6885,1,0.769795359822
6886,1,1.04160324166
6887,1,1.0270541865
6888,1,1.03289854575
6889,1,0.777409777403
6890,0,0.777459190599
6891,1,0.769795359822
6892,1,0.313190896163
6893,1,0.757211323539
6894,1,0.772073398828
6895,1,1.04165265486
6896,1,0.312051204635
6897,0,0.326863866728
6898,0,0.320805313744
6899,1,1.02074062958
6900,1,0.76870508149
6901,1,1.01374095702
6902,1,0.777459190599
6903,1,0.763269876524
6904,1,1.05153262261
6905,1,1.04056237653
6906,0,0.306665412864
6907,0,0.3310596346
6908,1,1.04056237653
6909,1,0.776368912267
6910,1,1.00960709119
6911,1,0.757211323539
6912,1,0.760892091951
6913,0,0.339913489276
6914,0,0.319715035412
6915,1,0.776319499071
6916,0,0.314378656836
6917,1,0.777459190599
6918,1,0.772073398828
6919,0,0.332100499737
6920,0,0.296785445117
6921,1,0.314378656836
6922,1,1.04119408738
6923,1,0.749596905958
6924,1,1.02855361912
6925,1,0.776368912267
6926,1,0.751825531768
6927,1,1.03284913255
6928,1,1.0493039968
6929,1,0.776207264665
6930,1,0.776319499071
6931,1,1.00965650438
6932,0,0.339504334988
6933,1,0.347614244408
6934,1,1.02508555621
6935,0,0.332299071694
6936,1,0.786298293209
6937,1,0.326764121161
6938,1,0.326764121161
6939,0,0.76870508149
6940,1,0.775910344784
6941,1,0.764360154856
6942,1,1.0214047878
6943,1,0.76870508149
6944,1,1.02880862305
6945,0,1.04165265486
6946,0,0.770983120496
6947,1,0.770983120496
6948,1,0.776368912267
6949,1,0.763319289719
6950,1,1.03517658476
6951,1,1.03621744989
6952,1,0.757211323539
6953,0,0.323395803823
6954,1,1.02337341808
6955,1,1.02155394656
6956,1,0.587589268083
6957,0,0.312051204635
6958,1,0.776319499071
6959,0,0.319715035412
6960,1,1.01374095702
6961,1,0.763269876524
6962,1,0.772023985632
6963,1,0.756901914819
6964,1,0.296785445117
6965,1,1.03289854575
6966,1,0.777459190599
6967,0,0.327528024951
6968,1,0.770983120496
6969,0,0.319764448607
6970,1,0.770983120496
6971,1,0.763319289719
6972,1,0.770983120496
6973,0,0.322937236341
6974,0,0.3310596346
6975,1,1.0214047878
6976,1,1.02855361912
6977,1,0.770983120496
6978,1,0.776368912267
6979,1,0.757360482302
6980,1,0.776319499071
6981,0,0.338872624139
6982,0,0.321733078892
6983,1,1.04056237653
6984,0,0.322937236341
6985,0,0.77156541815
6986,1,0.787388571541
6987,1,0.768555922728
6988,1,0.587589268083
6989,1,1.0270541865
6990,1,1.04056237653
6991,1,1.03284913255
6992,1,1.02508555621
6993,1,1.03398882408
6994,1,1.02736359522
6995,0,0.34647455288
6996,1,0.772073398828
6997,1,1.04165265486
6998,1,0.765024313078
6999,1,0.776368912267
7000,1,1.0157590005
7001,1,0.777000623116
7002,1,0.76870508149
7003,0,0.320954472506
7004,1,0.764409568051
7005,1,0.777459190599
7006,1,1.0335302566
7007,1,0.7709337073
7008,1,1.02926719053
7009,1,0.576244668895
7010,1,0.769745946627
7011,1,1.0270541865
7012,0,0.777000623116
7013,0,0.770983120496
7014,1,1.01725843312
7015,1,0.766164004606
7016,1,0.334527697505
7017,1,0.76611459141
7018,1,0.757360482302
7019,1,0.76933679234
7020,0,0.338872624139
7021,1,0.776368912267
7022,1,1.04051296333
7023,1,0.776368912267
7024,1,0.611349141185
7025,1,0.750340851214
7026,1,1.04165265486
7027,1,0.764360154856
7028,1,0.76870508149
7029,1,0.770983120496
7030,1,1.02751275398
7031,1,0.76964620106
7032,1,0.769795359822
7033,1,0.741945564021
7034,1,0.763319289719
7035,1,1.02264422489
7036,1,0.333437419172
7037,1,0.758450760634
7038,1,0.587589268083
7039,1,0.777459190599
7040,1,1.03243997827
7041,1,1.03289854575
7042,1,1.04114467418
7043,1,1.03512717156
7044,1,0.772073398828
7045,0,0.31210061783
7046,1,0.758450760634
7047,1,0.604156366731
7048,1,0.741945564021
7049,1,0.776368912267
7050,0,0.757992193151
7051,1,1.03289854575
7052,0,0.339962902471
7053,1,1.03393941089
7054,0,0.323395803823
7055,1,0.772023985632
7056,1,0.764360154856
7057,1,1.01379037022
7058,1,1.0335302566
7059,1,1.02860303231
7060,1,0.735322598381
7061,1,0.760842678756
7062,0,0.749709140365
7063,1,1.03284913255
7064,0,0.315419521973
7065,1,1.03512717156
7066,1,0.760892091951
7067,1,1.03471801727
7068,0,0.777459190599
7069,1,1.04165265486
7070,1,1.04010380904
7071,1,0.768655668295
7072,1,0.589867307089
7073,1,0.3310596346
7074,1,0.734232320049
7075,1,1.02462698873
7076,1,0.770983120496
7077,0,0.325823001591
7078,1,0.328618303283
7079,1,0.776319499071
7080,1,1.02145420099
7081,1,1.04056237653
7082,0,0.596343377192
7083,1,1.01969976444
7084,1,0.769795359822
7085,0,0.325823001591
7086,1,0.760892091951
7087,1,1.01969976444
7088,1,0.770983120496
7089,1,0.770983120496
7090,1,0.769795359822
7091,0,0.776319499071
7092,0,0.576244668895
7093,0,0.331159380167
7094,1,0.770983120496
7095,1,0.75550630018
7096,0,0.312051204635
7097,0,1.02736359522
7098,0,0.312051204635
7099,1,1.02218565741
7100,0,0.75550630018
7101,1,0.59525309886
7102,0,0.323346390628
7103,1,0.76870508149
7104,0,0.584689369283
7105,0,0.312051204635
7106,0,0.314378656836
7107,1,0.583908499671
7108,1,0.57629408209
7109,0,1.03289854575
7110,1,0.765024313078
7111,1,0.777459190599
7112,0,0.325773588396
7113,1,0.741636155301
7114,1,0.76870508149
7115,1,1.02155394656
7116,1,1.03274938699
7117,1,0.769745946627
7118,1,0.763319289719
7119,1,0.771614831345
7120,0,0.306665412864
7121,1,0.764360154856
7122,1,0.760892091951
7123,1,1.03517658476
7124,1,0.765073726274
7125,1,0.5871307006
7126,0,0.751516123048
7127,0,0.590648176701
7128,1,0.769795359822
7129,1,1.01379037022
7130,1,0.76870508149
7131,1,0.333437419172
7132,0,0.777409777403
7133,1,0.763319289719
7134,1,1.01679986564
7135,1,0.776368912267
7136,1,0.776319499071
7137,1,0.777459190599
7138,0,0.319715035412
7139,1,0.769795359822
7140,0,0.331010221405
7141,1,0.776319499071
7142,1,0.7709337073
7143,1,0.75550630018
7144,1,0.560470928699
7145,0,0.311592637153
7146,1,0.768246514007
7147,1,1.01679986564
7148,1,1.02926719053
7149,1,0.31210061783
7150,1,0.76870508149
7151,0,0.325673842829
7152,0,0.318010012052
7153,1,1.03393941089
7154,1,1.03269997379
7155,1,0.763319289719
7156,1,0.769795359822
7157,1,1.02269363809
7158,1,0.769596787865
7159,1,0.5871307006
7160,1,0.764409568051
7161,1,1.04056237653
7162,1,1.03621744989
7163,0,0.3310596346
7164,1,0.765024313078
7165,1,0.763319289719
7166,1,0.583957912867
7167,1,1.02457757553
7168,1,0.778634462433
7169,1,0.56968360529
7170,1,0.768655668295
7171,0,0.758450760634
7172,1,0.339913489276
7173,1,0.589408739606
7174,1,0.764565745596
7175,1,0.76870508149
7176,0,0.76870508149
7177,1,1.04051296333
7178,1,0.769795359822
7179,1,0.76870508149
7180,1,0.768655668295
7181,1,1.03517658476
7182,0,0.76870508149
7183,1,0.741896150826
7184,0,0.589359326411
7185,0,1.03289854575
7186,0,0.777409777403
7187,1,0.763951000569
7188,0,0.346523966076
7189,0,0.326913279923
7190,0,0.776368912267
7191,1,1.03398882408
7192,0,0.319715035412
7193,1,1.03289854575
7194,1,0.776319499071
7195,0,0.777409777403
7196,1,0.763319289719
7197,0,0.320954472506
7198,0,0.76870508149
7199,1,1.02814446483
7200,1,0.776319499071
7201,1,1.04165265486
7202,1,1.04119408738
7203,1,0.75550630018
7204,0,0.776319499071
7205,0,0.306714826059
7206,0,0.299014070927
7207,1,1.02264422489
7208,0,0.304449275893
7209,1,1.03517658476
7210,1,1.04056237653
7211,1,1.02880862305
7212,1,0.76611459141
7213,1,0.768555922728
7214,1,0.745301392519
7215,0,0.304449275893
7216,1,0.769795359822
7217,0,0.787388571541
7218,0,0.772023985632
7219,1,0.768555922728
7220,1,1.03289854575
7221,1,0.784020254204
7222,1,0.764409568051
7223,0,0.332299071694
7224,1,1.01965035124
7225,0,0.326863866728
7226,0,0.763951000569
7227,1,0.763901587373
7228,1,0.764409568051
7229,0,0.332299071694
7230,0,0.331159380167
7231,1,0.59525309886
7232,1,1.04165265486
7233,1,0.768246514007
7234,0,0.313141482967
7235,1,0.320954472506
7236,0,0.296736031921
7237,0,0.3310596346
7238,1,0.772073398828
7239,1,1.04165265486
7240,0,0.326764121161
7241,1,1.04051296333
7242,1,0.576244668895
7243,1,1.03517658476
7244,1,0.769795359822
7245,1,1.03289854575
7246,1,0.587589268083
7247,0,0.328618303283
7248,1,0.757211323539
7249,1,0.763269876524
7250,1,1.05582813604
7251,1,0.777000623116
7252,1,0.760892091951
7253,1,0.74313558792
7254,1,0.587589268083
7255,0,0.322887823145
7256,1,0.76611459141
7257,0,0.325673842829
7258,1,0.764409568051
7259,0,0.325315020913
7260,0,0.325673842829
7261,0,0.331208793362
7262,0,0.320805313744
7263,1,0.777409777403
7264,1,0.582203476312
7265,1,0.749547492763
7266,1,0.763269876524
7267,1,0.770983120496
7268,1,0.750799418697
7269,1,0.590016465851
7270,0,0.319715035412
7271,1,0.728846528278
7272,1,0.760892091951
7273,1,1.04119408738
7274,0,0.3310596346
7275,0,0.339962902471
7276,1,0.756596578512
7277,1,0.578721279858
7278,1,0.317960598857
7279,1,1.03289854575
7280,0,0.777459190599
7281,0,0.325673842829
7282,1,0.768655668295
7283,1,1.03393941089
7284,0,0.314378656836
7285,1,0.76870508149
7286,1,1.03393941089
7287,1,1.03626686309
7288,1,0.753064968863
7289,1,1.04010380904
7290,0,0.323395803823
7291,0,0.591057330988
7292,1,0.595402257622
7293,1,0.587589268083
7294,1,1.04884542931
7295,1,0.777459190599
7296,0,0.776319499071
7297,1,0.76870508149
7298,1,1.02809505163
7299,0,0.331010221405
7300,0,0.602904440797
7301,0,0.772073398828
7302,1,0.578572121096
7303,1,0.752024103726
7304,1,0.763170130957
7305,1,0.306665412864
7306,1,0.735372011577
7307,1,0.327577438146
7308,1,0.76611459141
7309,1,0.29135024015
7310,0,0.319100290385
7311,1,0.760892091951
7312,1,0.75550630018
7313,1,0.752915810101
7314,1,0.769745946627
7315,1,0.772073398828
7316,1,1.04010380904
7317,1,1.03284913255
7318,1,0.587589268083
7319,1,0.587589268083
7320,0,0.769795359822
7321,0,0.769745946627
7322,0,0.3310596346
7323,1,1.04119408738
7324,1,0.758301601872
7325,1,1.02751275398
7326,1,0.777409777403
7327,0,0.339962902471
7328,1,0.763170130957
7329,0,0.777459190599
7330,0,0.31210061783
7331,1,1.02751275398
7332,1,1.01374095702
7333,1,1.0270047733
7334,1,0.763269876524
7335,1,0.332299071694
7336,0,0.776368912267
7337,1,0.769795359822
7338,1,0.76870508149
7339,1,0.741896150826
7340,1,0.76870508149
7341,0,0.763319289719
7342,1,0.595402257622
7343,1,0.76870508149
7344,0,0.318010012052
7345,1,1.03398882408
7346,1,1.04056237653
7347,1,0.763319289719
7348,0,0.3310596346
7349,0,0.757211323539
7350,1,0.76870508149
7351,1,0.768246514007
7352,0,0.760728799639
7353,1,0.776368912267
7354,1,0.590957585421
7355,1,1.01374095702
7356,1,0.757211323539
7357,1,1.04056237653
7358,0,0.772073398828
7359,1,1.04010380904
7360,0,0.323395803823
7361,0,0.323346390628
7362,1,1.03517658476
7363,1,0.757360482302
7364,1,0.743185001116
7365,1,0.763319289719
7366,1,1.03284913255
7367,1,1.03274938699
7368,1,0.776368912267
7369,1,1.03289854575
7370,1,0.3310596346
7371,1,0.777459190599
7372,1,0.776319499071
7373,1,0.583244341449
7374,0,1.03471801727
7375,0,0.331208793362
7376,1,0.323346390628
7377,1,1.04056237653
7378,0,0.76870508149
7379,1,0.764360154856
7380,1,1.03289854575
7381,1,0.762860722236
7382,1,0.763170130957
7383,1,1.04114467418
7384,1,0.76870508149
7385,1,1.04165265486
7386,1,0.758301601872
7387,1,0.603697799248
7388,1,0.749596905958
7389,1,0.775910344784
7390,1,0.760892091951
7391,1,1.03243997827
7392,1,0.768555922728
7393,1,1.0335302566
7394,1,0.76611459141
7395,0,0.77156541815
7396,0,0.317960598857
7397,1,1.04051296333
7398,1,0.776368912267
7399,0,0.319715035412
7400,1,1.04056237653
7401,1,1.03517658476
7402,1,0.74975855356
7403,1,0.750637771095
7404,1,0.776319499071
7405,1,1.02814446483
7406,1,1.02751275398
7407,0,0.331208793362
7408,1,1.03575888241
7409,1,0.749547492763
7410,1,1.02984948819
7411,0,0.332299071694
7412,1,1.02860303231
7413,1,1.02617583454
7414,1,0.596492535954
7415,1,1.0270541865
7416,1,1.03289854575
7417,1,1.03626686309
7418,1,1.03274938699
7419,1,0.583293754644
7420,0,0.76870508149
7421,0,0.331208793362
7422,1,0.77156541815
7423,1,0.772073398828
7424,1,1.02860303231
7425,1,1.00840457845
7426,1,0.766164004606
7427,0,0.318010012052
7428,1,0.59877057496
7429,0,0.763319289719
7430,0,0.3310596346
7431,1,0.758450760634
7432,0,0.758351015067
7433,1,0.763170130957
7434,1,1.03512717156
7435,1,0.74313558792
7436,1,0.77156541815
7437,0,0.768655668295
7438,1,1.0334808434
7439,1,0.776368912267
7440,1,0.776368912267
7441,1,0.763319289719
7442,1,1.03621744989
7443,0,0.314329243641
7444,1,1.0322908195
7445,0,0.323395803823
7446,1,0.764409568051
7447,1,0.578671866663
7448,1,0.777459190599
7449,1,0.770983120496
7450,1,1.02264422489
7451,0,1.04056237653
7452,1,0.763319289719
7453,1,0.763319289719
7454,1,1.01374095702
7455,0,0.59877057496
7456,1,0.339962902471
7457,0,0.319715035412
7458,1,1.04056237653
7459,1,1.03289854575
7460,1,1.03398882408
7461,1,0.768555922728
7462,1,0.763170130957
7463,1,1.03274938699
7464,0,0.76870508149
7465,0,0.332149912932
7466,0,0.763319289719
7467,0,0.768506509532
7468,0,0.776368912267
7469,0,0.760892091951
7470,0,0.326913279923
7471,1,0.776368912267
7472,1,1.03284913255
7473,1,0.594794531377
7474,1,0.777459190599
7475,1,1.03626686309
7476,1,0.79168408498
7477,1,1.01374095702
7478,1,0.760433524469
7479,0,0.339962902471
7480,1,0.76870508149
7481,1,1.03471801727
7482,1,0.742045309588
7483,1,0.758450760634
7484,0,0.763319289719
7485,1,0.776368912267
7486,1,0.757360482302
7487,0,0.584998778004
7488,1,0.560929496181
7489,1,0.339913489276
7490,0,0.323395803823
7491,1,0.758301601872
7492,1,1.03243997827
7493,1,1.02736359522
7494,1,0.338872624139
7495,0,0.757211323539
7496,1,0.768555922728
7497,1,1.01969976444
7498,0,0.759638521307
7499,1,1.04010380904
7500,1,0.768655668295
7501,0,0.318010012052
7502,1,1.02337341808
7503,0,0.756951328015
7504,1,0.764360154856
7505,1,0.763319289719
7506,1,1.0335302566
7507,1,1.04010380904
7508,1,0.760892091951
7509,1,0.589867307089
7510,0,1.0322908195
7511,1,0.776368912267
7512,1,0.768097355245
7513,1,1.0335302566
7514,1,0.304449275893
7515,1,1.0335302566
7516,1,0.764260409289
7517,1,0.75550630018
7518,0,0.339962902471
7519,1,0.763269876524
7520,1,0.763319289719
7521,1,1.02508555621
7522,1,0.764409568051
7523,0,0.760892091951
7524,1,0.770983120496
7525,1,1.04056237653
7526,1,1.03274938699
7527,0,0.325823001591
7528,1,0.764409568051
7529,1,0.583908499671
7530,0,0.332299071694
7531,1,0.772073398828
7532,1,0.587589268083
7533,0,0.297826310254
7534,1,0.776368912267
7535,0,0.769795359822
7536,1,0.770983120496
7537,1,1.02860303231
7538,1,0.760892091951
7539,1,0.76870508149
7540,0,0.311592637153
7541,0,0.312051204635
7542,0,0.760842678756
7543,1,1.04165265486
7544,1,0.776319499071
7545,1,1.03284913255
7546,1,1.00732905218
7547,1,0.79168408498
7548,1,0.768655668295
7549,0,0.325773588396
7550,1,0.764409568051
7551,1,0.763319289719
7552,1,0.769795359822
7553,1,0.769745946627
7554,1,1.02218565741
7555,0,0.770983120496
7556,1,0.776368912267
7557,1,1.03626686309
7558,1,0.749547492763
7559,0,0.736659517817
7560,1,1.03517658476
7561,1,0.764409568051
7562,0,0.777459190599
7563,1,0.602607520916
7564,1,0.76870508149
7565,1,1.0334808434
7566,0,0.765024313078
7567,0,0.772023985632
7568,1,0.312051204635
7569,1,0.757360482302
7570,1,0.76870508149
7571,1,0.765024313078
7572,1,0.749547492763
7573,1,0.777459190599
7574,1,0.760892091951
7575,1,1.03517658476
7576,1,1.03289854575
7577,0,0.785790312531
7578,0,1.00613902828
7579,1,0.323395803823
7580,1,0.306665412864
7581,1,0.776368912267
7582,1,0.76870508149
7583,1,1.0322908195
7584,1,0.32214223318
7585,1,0.76611459141
7586,0,0.769745946627
7587,1,0.763319289719
7588,1,0.331010221405
7589,1,0.768246514007
7590,1,0.783970841008
7591,1,0.319864194174
7592,0,0.769795359822
7593,1,1.04119408738
7594,0,0.304399862698
7595,1,0.76870508149
7596,1,0.768655668295
7597,1,0.74313558792
7598,0,0.765024313078
7599,0,0.3310596346
7600,0,0.307917338798
7601,1,0.758450760634
7602,1,0.763170130957
7603,1,0.770983120496
7604,0,0.326714707966
7605,1,0.759687934503
7606,0,0.333486832368
7607,1,0.560470928699
7608,1,0.764360154856
7609,1,0.763319289719
7610,1,0.604156366731
7611,1,0.764409568051
7612,0,0.322191646375
7613,1,1.00732905218
7614,1,0.744161700992
7615,1,0.596492535954
7616,0,0.770983120496
7617,1,0.776368912267
7618,1,0.786298293209
7619,1,1.02457757553
7620,1,0.784020254204
7621,0,0.76870508149
7622,1,0.595402257622
7623,1,0.76870508149
7624,1,0.763269876524
7625,1,1.0358082956
7626,1,0.776368912267
7627,1,0.777459190599
7628,1,0.770475139818
7629,1,0.779266173282
7630,0,0.323395803823
7631,0,0.776319499071
7632,0,0.338872624139
7633,1,1.04114467418
7634,0,0.751825531768
7635,1,0.765024313078
7636,1,0.763269876524
7637,1,0.596492535954
7638,1,0.749547492763
7639,1,1.02145420099
7640,0,0.325673842829
7641,1,0.763269876524
7642,1,0.323346390628
7643,1,0.594794531377
7644,0,0.757992193151
7645,0,0.776319499071
7646,1,0.76611459141
7647,0,0.776368912267
7648,0,0.313141482967
7649,1,1.03284913255
7650,1,0.776368912267
7651,1,1.04010380904
7652,1,0.770983120496
7653,0,0.757211323539
7654,1,0.768555922728
7655,0,0.332299071694
7656,1,0.764565745596
7657,1,1.03243997827
7658,0,0.331010221405
7659,0,0.31210061783
7660,1,1.03383966532
7661,1,1.03243997827
7662,0,0.332299071694
7663,1,0.768555922728
7664,1,1.03517658476
7665,1,0.74313558792
7666,1,0.757409895497
7667,0,0.333325184766
7668,0,0.324486082156
7669,1,1.04775515098
7670,1,0.339962902471
7671,1,0.777459190599
7672,0,0.76870508149
7673,1,0.770983120496
7674,0,0.317960598857
7675,1,0.758450760634
7676,1,0.583599090951
7677,1,1.04056237653
7678,1,1.04056237653
7679,1,0.323395803823
7680,1,0.777409777403
7681,0,0.763170130957
7682,1,0.769745946627
7683,1,0.75068718429
7684,0,0.763319289719
7685,0,0.786298293209
7686,1,1.02074062958
7687,1,1.03398882408
7688,1,1.04160324166
7689,1,1.04010380904
7690,1,0.589408739606
7691,1,1.03512717156
7692,1,0.777409777403
7693,1,0.755047732698
7694,1,0.604156366731
7695,0,0.323346390628
7696,1,0.769795359822
7697,1,1.03289854575
7698,0,0.311642050348
7699,1,0.76870508149
7700,1,0.776368912267
7701,1,1.05691841438
7702,1,0.760270232157
7703,1,1.04165265486
7704,1,0.764360154856
7705,0,0.325673842829
7706,0,1.04010380904
7707,1,0.764409568051
7708,1,1.04056237653
7709,1,0.757260736735
7710,0,0.306665412864
7711,0,0.777409777403
7712,0,0.769795359822
7713,1,1.03284913255
7714,0,0.595203685664
7715,1,1.01344403714
7716,1,1.01379037022
7717,1,0.768655668295
7718,1,0.763319289719
7719,1,1.04821371846
7720,0,0.760892091951
7721,0,0.776368912267
7722,1,0.583908499671
7723,0,0.764360154856
7724,1,0.768655668295
7725,0,0.776368912267
7726,1,0.582203476312
7727,1,0.769795359822
7728,1,0.76611459141
7729,0,0.7709337073
7730,1,0.763319289719
7731,0,0.760778212835
7732,1,0.752024103726
7733,1,0.768246514007
7734,1,0.776368912267
7735,1,0.768655668295
7736,1,0.763170130957
7737,1,0.764360154856
7738,1,0.319715035412
7739,1,1.0335302566
7740,1,0.786298293209
7741,0,0.332149912932
7742,1,1.03243997827
7743,1,1.01453431547
7744,1,0.777409777403
7745,1,0.77156541815
7746,0,0.587539854888
7747,0,0.583908499671
7748,1,0.764409568051
7749,1,0.772073398828
7750,1,0.786880590863
7751,1,0.581695495634
7752,0,0.3310596346
7753,1,1.03289854575
7754,1,0.76870508149
7755,1,0.749596905958
7756,1,0.770983120496
7757,1,1.03398882408
7758,1,0.763269876524
7759,1,0.763319289719
7760,0,0.331010221405
7761,0,0.323395803823
7762,1,0.777459190599
7763,0,0.304399862698
7764,1,1.02218565741
7765,1,0.760892091951
7766,1,1.03284913255
7767,0,0.768555922728
7768,1,0.76870508149
7769,1,0.59525309886
7770,0,1.02508555621
7771,0,0.3310596346
7772,1,0.776368912267
7773,1,1.04056237653
7774,1,0.769795359822
7775,1,0.749596905958
7776,1,0.59525309886
7777,1,0.777459190599
7778,1,0.7709337073
7779,1,1.04056237653
7780,0,0.319715035412
7781,1,0.76870508149
7782,1,1.02875920986
7783,0,0.326913279923
7784,0,0.318010012052
7785,0,0.763319289719
7786,0,0.779724740765
7787,1,0.776368912267
7788,0,0.757409895497
7789,1,1.02203649865
7790,1,0.74313558792
7791,0,0.325624429634
7792,1,0.589557898368
7793,0,0.560470928699
7794,0,0.763269876524
7795,0,0.323346390628
7796,1,0.594794531377
7797,1,1.02218565741
7798,1,1.01965035124
7799,1,0.319715035412
7800,0,0.77848530367
7801,1,0.772073398828
7802,1,0.760892091951
7803,0,0.7709337073
7804,1,0.770983120496
7805,0,0.325823001591
7806,1,0.587539854888
7807,0,0.776319499071
7808,1,0.769795359822
7809,1,0.768506509532
7810,1,0.776319499071
7811,1,0.776368912267
7812,1,0.749709140365
7813,1,1.02809505163
7814,0,0.304399862698
7815,0,0.319764448607
7816,1,0.763319289719
7817,1,0.75922936702
7818,1,1.02155394656
7819,0,0.568593326958
7820,1,1.03289854575
7821,1,0.777409777403
7822,0,0.325673842829
7823,1,0.318010012052
7824,1,1.0214047878
7825,1,1.0270047733
7826,1,0.776368912267
7827,1,0.339913489276
7828,1,0.763319289719
7829,1,0.765024313078
7830,1,1.03512717156
7831,1,1.04056237653
7832,1,0.768555922728
7833,1,0.570858877124
7834,1,1.0493039968
7835,1,1.02746334078
7836,1,0.772073398828
7837,0,0.305539554226
7838,1,1.03274938699
7839,1,0.570908290319
7840,0,0.333437419172
7841,0,0.763319289719
7842,0,0.331208793362
7843,1,1.02109537908
7844,1,1.03243997827
7845,1,0.582154063117
7846,0,0.338823210943
7847,1,1.02155394656
7848,1,0.327577438146
7849,0,0.768655668295
7850,1,0.776368912267
7851,1,1.0358082956
7852,1,1.03284913255
7853,1,1.02264422489
7854,1,0.595402257622
7855,1,1.03239056507
7856,1,0.296736031921
7857,0,0.332299071694
7858,0,0.772073398828
7859,1,1.0249222639
7860,0,0.581695495634
7861,0,0.339962902471
7862,1,0.764409568051
7863,1,1.04056237653
7864,1,0.76870508149
7865,1,1.04165265486
7866,0,0.770983120496
7867,0,0.768246514007
7868,1,1.04165265486
7869,1,0.75550630018
7870,1,1.04160324166
7871,1,0.768555922728
7872,1,0.583648504146
7873,1,0.775910344784
7874,1,0.768246514007
7875,1,0.776368912267
7876,0,0.338872624139
7877,1,0.763269876524
7878,0,1.02269363809
7879,1,0.764409568051
7880,1,1.0322908195
7881,1,1.03243997827
7882,0,0.770983120496
7883,0,0.760892091951
7884,0,0.768197100812
7885,0,0.3310596346
7886,1,1.01344403714
7887,1,0.578572121096
7888,1,0.776368912267
7889,1,1.03243997827
7890,1,1.0515820358
7891,1,1.01328238954
7892,1,0.772023985632
7893,0,0.296736031921
7894,1,0.776368912267
7895,0,0.3310596346
7896,1,0.785110532536
7897,1,0.769745946627
7898,1,1.03274938699
7899,1,1.04051296333
7900,1,0.763319289719
7901,1,1.02860303231
7902,1,0.587589268083
7903,1,1.04114467418
7904,0,0.296736031921
7905,1,0.777459190599
7906,1,0.769795359822
7907,1,0.772073398828
7908,1,1.03243997827
7909,1,0.583908499671
7910,1,0.763269876524
7911,1,0.76870508149
7912,0,0.770983120496
7913,1,0.777459190599
7914,1,0.326714707966
7915,1,1.03575888241
7916,1,0.777459190599
7917,1,1.03626686309
7918,0,0.340989015543
7919,0,0.312051204635
7920,1,0.776368912267
7921,1,1.03398882408
7922,1,0.770475139818
7923,1,0.998425784309
7924,1,0.763319289719
7925,1,1.02860303231
7926,0,0.332299071694
7927,1,0.777459190599
7928,0,0.76870508149
7929,1,0.763951000569
7930,1,1.02984948819
7931,0,0.338872624139
7932,0,0.346523966076
7933,1,0.757211323539
7934,1,1.03398882408
7935,1,0.76870508149
7936,1,0.776368912267
7937,0,0.325773588396
7938,1,1.03289854575
7939,1,1.02218565741
7940,1,1.0335302566
7941,1,0.776368912267
7942,1,0.776319499071
7943,1,1.03471801727
7944,1,0.777409777403
7945,0,0.319764448607
7946,1,1.04160324166
7947,1,1.03243997827
7948,1,0.76870508149
7949,1,0.760384111273
7950,0,0.74313558792
7951,1,0.772073398828
7952,0,0.319764448607
7953,1,1.03517658476
7954,1,0.76870508149
7955,0,0.775910344784
7956,1,1.02160335976
7957,1,1.0270541865
7958,1,0.776368912267
7959,1,0.769795359822
7960,0,0.339962902471
7961,1,0.76870508149
7962,1,0.760270232157
7963,1,0.598721161764
7964,1,1.04056237653
7965,0,1.00944544358
7966,0,0.331208793362
7967,1,0.759638521307
7968,1,0.751825531768
7969,0,0.75550630018
7970,1,1.03030805567
7971,1,0.5785227079
7972,1,0.306714826059
7973,1,0.784020254204
7974,1,1.01621756799
7975,1,1.0270047733
7976,1,1.03243997827
7977,1,0.763319289719
7978,0,0.320805313744
7979,1,0.772023985632
7980,1,0.339962902471
7981,1,1.02860303231
7982,1,0.333486832368
7983,0,0.764409568051
7984,1,0.76870508149
7985,1,0.765024313078
7986,1,1.03517658476
7987,1,0.768655668295
7988,1,0.776951209921
7989,1,0.776368912267
7990,1,1.02264422489
7991,0,0.764409568051
7992,1,0.578572121096
7993,1,1.02751275398
7994,0,0.323346390628
7995,1,0.29135024015
7996,0,0.346523966076
7997,1,0.768555922728
7998,0,0.313303130569
7999,1,0.776319499071
8000,0,0.583908499671
8001,1,0.776368912267
8002,1,0.776368912267
8003,0,0.770983120496
8004,1,0.791225517498
8005,1,0.777459190599
8006,1,0.776319499071
8007,1,0.332149912932
8008,0,0.5871307006
8009,1,0.582203476312
8010,0,0.777459190599
8011,1,0.777459190599
8012,1,1.04114467418
8013,1,1.04119408738
8014,1,1.03030805567
8015,0,0.75550630018
8016,1,0.741945564021
8017,1,0.768246514007
8018,1,0.777409777403
8019,1,1.02114479227
8020,0,0.319715035412
8021,0,0.776319499071
8022,1,0.769795359822
8023,1,1.02875920986
8024,1,0.323346390628
8025,1,0.763319289719
8026,1,0.750799418697
8027,1,0.769795359822
8028,0,0.333437419172
8029,0,0.323346390628
8030,1,0.76611459141
8031,1,1.03398882408
8032,1,0.587589268083
8033,1,0.763319289719
8034,1,0.764360154856
8035,1,1.02860303231
8036,1,0.331010221405
8037,1,0.76611459141
8038,1,1.0358082956
8039,1,0.76611459141
8040,0,1.04165265486
8041,1,0.57629408209
8042,0,0.763319289719
8043,1,0.333486832368
8044,1,0.776319499071
8045,1,1.02751275398
8046,0,0.318010012052
8047,1,0.594794531377
8048,1,0.57629408209
8049,1,0.76870508149
8050,1,0.76870508149
8051,1,0.768655668295
8052,1,0.741586742106
8053,1,0.76870508149
8054,1,1.04160324166
8055,1,0.772073398828
8056,0,0.325624429634
8057,1,0.76870508149
8058,1,0.317960598857
8059,1,1.02751275398
8060,0,0.319864194174
8061,0,0.749709140365
8062,1,0.776319499071
8063,1,1.04770573779
8064,0,0.319715035412
8065,1,1.03517658476
8066,0,0.772023985632
8067,1,0.764409568051
8068,1,0.31210061783
8069,1,1.04056237653
8070,1,0.763319289719
8071,1,0.777459190599
8072,1,1.0249222639
8073,0,0.346374807314
8074,1,1.01483123535
8075,1,0.777459190599
8076,0,0.296736031921
8077,1,0.777459190599
8078,0,0.776368912267
8079,1,1.04010380904
8080,1,0.768655668295
8081,1,0.76870508149
8082,1,1.02860303231
8083,0,0.75550630018
8084,1,0.76870508149
8085,0,0.323395803823
8086,1,1.02264422489
8087,1,1.00623877385
8088,1,0.763170130957
8089,1,0.777409777403
8090,1,1.01483123535
8091,0,0.328667716478
8092,1,0.595402257622
8093,1,0.76870508149
8094,1,1.03030805567
8095,1,0.768655668295
8096,1,0.76870508149
8097,1,0.764360154856
8098,1,0.582154063117
8099,1,0.776368912267
8100,0,0.775910344784
8101,1,0.753064968863
8102,1,0.76933679234
8103,1,0.59525309886
8104,1,0.757360482302
8105,1,1.03289854575
8106,0,0.758450760634
8107,1,1.04119408738
8108,0,0.749596905958
8109,1,1.0358082956
8110,1,0.763319289719
8111,1,0.763319289719
8112,1,1.04010380904
8113,1,1.04165265486
8114,1,0.769795359822
8115,0,0.297826310254
8116,1,1.02094622032
8117,1,1.03224140631
8118,0,0.751516123048
8119,1,0.763170130957
8120,1,0.763319289719
8121,1,0.764360154856
8122,0,0.31210061783
8123,1,0.75550630018
8124,0,0.759638521307
8125,1,0.311592637153
8126,1,1.04056237653
8127,0,0.769287379144
8128,1,0.769745946627
8129,1,0.759638521307
8130,1,0.768555922728
8131,1,1.0270047733
8132,1,1.0358082956
8133,0,0.312051204635
8134,1,0.763170130957
8135,1,0.776319499071
8136,0,0.760892091951
8137,1,0.768655668295
8138,0,0.777459190599
8139,0,0.319100290385
8140,1,0.597221729145
8141,1,1.04165265486
8142,0,0.332249658499
8143,1,0.762860722236
8144,1,0.760842678756
8145,1,0.769795359822
8146,0,0.776368912267
8147,1,0.777459190599
8148,1,0.76870508149
8149,1,0.768555922728
8150,1,0.7709337073
8151,1,0.763319289719
8152,0,0.312051204635
8153,1,1.0335302566
8154,1,1.04056237653
8155,1,0.749547492763
8156,1,0.76870508149
8157,1,0.595402257622
8158,1,0.758500173829
8159,1,0.760892091951
8160,1,0.75068718429
8161,1,1.01684927884
8162,1,1.04010380904
8163,1,0.768246514007
8164,0,0.312051204635
8165,0,0.331208793362
8166,1,0.760892091951
8167,0,0.31210061783
8168,0,0.576244668895
8169,1,0.776368912267
8170,1,0.769795359822
8171,1,0.595203685664
8172,1,1.02736359522
8173,1,1.02880862305
8174,1,0.776368912267
8175,1,0.769287379144
8176,1,0.777459190599
8177,1,1.02746334078
8178,1,1.02860303231
8179,1,0.776368912267
8180,1,1.03517658476
8181,1,0.757211323539
8182,1,0.332299071694
8183,1,0.770983120496
8184,0,1.04165265486
8185,0,0.768555922728
8186,0,0.319715035412
8187,1,1.03289854575
8188,1,0.776319499071
8189,0,0.768555922728
8190,0,0.326913279923
8191,1,0.562019774513
8192,1,1.02155394656
8193,1,1.04165265486
8194,1,0.576244668895
8195,1,0.296736031921
8196,1,0.76870508149
8197,1,1.0335302566
8198,1,0.7709337073
8199,1,0.589557898368
8200,0,0.777459190599
8201,1,1.02269363809
8202,1,0.763269876524
8203,1,1.02751275398
8204,1,1.02751275398
8205,1,1.04010380904
8206,1,0.776368912267
8207,1,1.03626686309
8208,1,0.594794531377
8209,1,0.313141482967
8210,1,1.01374095702
8211,1,0.770983120496
8212,1,0.772073398828
8213,1,0.751516123048
8214,1,1.02746334078
8215,1,1.03030805567
8216,1,0.595203685664
8217,0,0.319913607369
8218,1,0.776368912267
8219,1,0.768655668295
8220,1,0.757211323539
8221,1,1.03289854575
8222,1,0.792774363312
8223,1,0.768555922728
8224,0,0.778585049237
8225,1,0.763319289719
8226,1,0.765024313078
8227,1,1.03269997379
8228,1,0.772023985632
8229,1,0.766164004606
8230,1,0.757360482302
8231,0,0.322937236341
8232,0,0.305639299793
8233,1,1.02508555621
8234,1,0.323395803823
8235,1,0.766164004606
8236,1,0.322887823145
8237,1,0.776368912267
8238,1,0.763319289719
8239,1,0.757211323539
8240,1,0.757409895497
8241,0,0.749547492763
8242,0,0.583908499671
8243,1,0.763170130957
8244,1,1.03398882408
8245,1,0.7709337073
8246,1,0.776368912267
8247,0,0.768506509532
8248,1,0.769795359822
8249,1,0.776368912267
8250,1,1.04821371846
8251,0,0.325624429634
8252,1,1.0270541865
8253,1,0.752655814576
8254,1,0.326913279923
8255,0,0.777459190599
8256,1,1.03243997827
8257,1,1.03398882408
8258,0,0.3310596346
8259,1,0.777409777403
8260,1,0.75550630018
8261,1,1.04010380904
8262,1,0.603066088398
8263,1,0.763319289719
8264,1,1.03398882408
8265,0,0.768555922728
8266,1,0.763319289719
8267,1,0.59525309886
8268,0,0.776368912267
8269,1,1.04010380904
8270,1,0.768555922728
8271,1,1.02155394656
8272,1,0.776319499071
8273,1,1.03517658476
8274,1,1.02814446483
8275,1,1.03398882408
8276,0,0.323395803823
8277,1,0.770983120496
8278,1,1.03239056507
8279,0,0.76870508149
8280,0,0.323395803823
8281,1,1.04010380904
8282,1,0.760842678756
8283,0,0.305639299793
8284,0,0.304399862698
8285,1,0.769745946627
8286,0,0.332299071694
8287,1,0.770983120496
8288,1,1.02860303231
8289,1,1.03575888241
8290,1,0.5871307006
8291,1,0.597630883432
8292,1,0.763319289719
8293,1,1.04051296333
8294,1,0.766164004606
8295,1,1.0068704847
8296,1,1.03224140631
8297,1,0.582154063117
8298,1,0.583908499671
8299,1,1.03274938699
8300,1,0.763269876524
8301,1,0.583957912867
8302,1,1.04119408738
8303,0,0.331010221405
8304,1,0.766164004606
8305,0,0.296736031921
8306,1,1.03575888241
8307,1,0.584107071629
8308,1,1.01328238954
8309,0,0.314378656836
8310,0,0.318010012052
8311,1,0.76870508149
8312,1,0.76870508149
8313,1,1.0335302566
8314,0,0.312051204635
8315,0,0.741586742106
8316,1,0.610568271573
8317,1,1.04056237653
8318,1,0.758450760634
8319,1,0.777409777403
8320,0,0.768555922728
8321,1,1.0270541865
8322,0,0.323395803823
8323,1,0.764409568051
8324,1,1.02751275398
8325,1,0.757360482302
8326,1,0.602904440797
8327,1,1.03398882408
8328,1,0.777000623116
8329,0,0.3345771107
8330,0,0.323395803823
8331,1,1.03398882408
8332,1,0.734281733245
8333,1,0.768555922728
8334,1,0.768655668295
8335,1,0.772023985632
8336,0,0.737749796149
8337,0,0.323395803823
8338,1,1.0358082956
8339,1,1.03621744989
8340,1,1.02751275398
8341,1,0.76870508149
8342,1,0.76611459141
8343,1,0.777000623116
8344,1,1.0270541865
8345,1,1.03626686309
8346,0,1.04165265486
8347,0,0.777459190599
8348,1,0.750799418697
8349,0,0.318010012052
8350,1,0.765024313078
8351,1,0.575835514608
8352,1,1.02921777734
8353,0,0.583957912867
8354,0,0.296736031921
8355,1,1.04056237653
8356,0,0.768655668295
8357,1,0.76870508149
8358,1,1.02109537908
8359,1,1.03289854575
8360,1,1.04056237653
8361,1,0.772023985632
8362,0,0.764409568051
8363,1,0.762860722236
8364,1,0.777459190599
8365,1,1.03471801727
8366,1,0.596033968471
8367,1,0.595203685664
8368,1,1.03398882408
8369,1,0.764409568051
8370,1,0.764409568051
8371,1,0.603066088398
8372,1,0.763319289719
8373,0,0.749547492763
8374,1,0.7709337073
8375,1,0.776368912267
8376,0,0.306665412864
8377,0,0.758450760634
8378,1,1.04821371846
8379,1,1.03289854575
8380,1,0.326863866728
8381,1,1.03512717156
8382,0,0.734232320049
8383,1,1.0322908195
8384,1,0.763319289719
8385,1,0.757409895497
8386,1,0.750848831892
8387,1,0.769795359822
8388,1,0.776368912267
8389,1,0.776951209921
8390,1,0.772073398828
8391,1,0.776368912267
8392,1,0.769795359822
8393,1,0.749547492763
8394,1,0.777459190599
8395,1,0.759179953825
8396,1,0.331208793362
8397,1,1.0214047878
8398,1,0.320805313744
8399,0,0.768555922728
8400,0,0.76870508149
8401,1,0.76870508149
8402,1,1.02612642135
8403,0,0.77156541815
8404,1,0.338872624139
8405,0,0.314378656836
8406,1,1.03471801727
8407,0,0.291399653346
8408,0,0.296736031921
8409,1,0.768655668295
8410,1,1.02746334078
8411,0,0.324486082156
8412,1,0.589817893893
8413,1,0.776319499071
8414,0,0.318010012052
8415,0,0.769745946627
8416,1,1.02736359522
8417,1,1.03994216144
8418,1,0.778634462433
8419,0,0.319715035412
8420,0,0.323395803823
8421,1,0.749547492763
8422,1,0.570858877124
8423,0,0.319864194174
8424,1,0.765024313078
8425,0,0.772073398828
8426,1,0.766164004606
8427,1,1.03621744989
8428,1,1.03289854575
8429,1,0.769795359822
8430,1,1.04035131573
8431,0,0.312051204635
8432,0,0.589817893893
8433,1,0.785110532536
8434,1,0.768506509532
8435,1,0.777459190599
8436,1,1.03284913255
8437,1,0.582203476312
8438,0,0.763120717761
8439,1,0.564297813519
8440,1,0.79168408498
8441,0,0.31210061783
8442,0,0.570858877124
8443,1,1.03398882408
8444,1,0.299014070927
8445,1,0.777459190599
8446,1,1.02264422489
8447,1,0.772023985632
8448,1,1.02503614302
8449,0,0.777459190599
8450,0,1.04056237653
8451,1,0.776368912267
8452,1,1.03398882408
8453,1,0.603697799248
8454,1,0.322773944029
8455,1,1.03398882408
8456,1,0.765024313078
8457,1,0.776368912267
8458,1,1.03289854575
8459,1,0.770475139818
8460,1,1.0334808434
8461,1,0.764565745596
8462,0,0.318010012052
8463,1,0.76964620106
8464,0,0.331791091016
8465,1,0.772073398828
8466,1,0.765073726274
8467,1,0.76870508149
8468,1,1.04775515098
8469,1,0.763319289719
8470,0,0.603066088398
8471,1,0.5871307006
8472,0,0.776368912267
8473,0,0.764409568051
8474,0,0.339913489276
8475,1,1.03393941089
8476,1,0.760842678756
8477,1,0.769795359822
8478,1,0.776319499071
8479,1,0.741896150826
8480,1,0.777459190599
8481,1,1.02264422489
8482,1,0.568593326958
8483,0,0.319715035412
8484,0,0.319715035412
8485,0,0.768555922728
8486,1,0.776368912267
8487,1,0.772073398828
8488,1,0.757409895497
8489,0,0.312051204635
8490,1,0.75550630018
8491,1,0.318010012052
8492,1,0.764409568051
8493,1,1.04056237653
8494,1,0.776368912267
8495,0,0.338414056656
8496,0,0.317960598857
8497,1,1.02617583454
8498,1,1.04160324166
8499,0,0.339962902471
8500,0,0.319715035412
8501,1,0.763269876524
8502,1,1.01483123535
8503,1,0.769795359822
8504,1,0.76933679234
8505,1,0.763319289719
8506,1,0.584057658434
8507,1,0.333486832368
8508,1,0.758450760634
8509,1,0.596343377192
8510,1,0.737799209345
8511,0,0.339962902471
8512,1,1.02155394656
8513,1,0.576244668895
8514,1,1.02855361912
8515,1,1.02264422489
8516,1,0.768555922728
8517,1,1.02746334078
8518,0,0.769795359822
8519,0,0.76870508149
8520,1,0.764409568051
8521,1,1.03626686309
8522,1,0.777459190599
8523,1,0.587589268083
8524,1,1.03466860408
8525,1,0.770524553013
8526,1,0.584689369283
8527,1,1.03269997379
8528,1,0.758450760634
8529,1,0.76870508149
8530,1,1.00840457845
8531,1,1.04056237653
8532,1,1.04821371846
8533,1,1.02114479227
8534,1,1.03284913255
8535,1,0.749709140365
8536,1,1.03517658476
8537,0,0.331159380167
8538,1,1.03243997827
8539,1,0.7709337073
8540,0,0.312051204635
8541,0,0.323395803823
8542,1,0.768246514007
8543,1,0.768555922728
8544,1,0.76870508149
8545,0,0.338872624139
8546,1,0.592861180738
8547,1,0.764409568051
8548,1,1.02875920986
8549,1,0.749547492763
8550,1,1.02751275398
8551,1,1.02860303231
8552,1,1.02736359522
8553,0,0.59525309886
8554,1,1.03289854575
8555,0,0.576244668895
8556,0,0.296785445117
8557,1,1.03243997827
8558,0,0.59877057496
8559,1,0.770983120496
8560,0,0.749709140365
8561,1,1.02503614302
8562,1,0.583908499671
8563,1,1.03471801727
8564,1,0.594794531377
8565,1,0.762811309041
8566,1,0.776368912267
8567,1,1.02160335976
8568,0,0.755456886985
8569,0,0.776368912267
8570,1,1.03398882408
8571,0,0.770983120496
8572,1,0.76870508149
8573,1,0.764360154856
8574,1,1.02814446483
8575,1,0.770983120496
8576,1,0.763319289719
8577,1,0.75550630018
8578,1,1.02751275398
8579,1,1.04056237653
8580,1,1.02751275398
8581,1,1.02875920986
8582,1,0.763319289719
8583,0,0.777459190599
8584,1,0.763319289719
8585,1,0.323395803823
8586,1,0.764409568051
8587,1,1.03243997827
8588,1,0.768555922728
8589,1,0.338872624139
8590,1,0.768655668295
8591,0,0.319715035412
8592,1,0.728846528278
8593,1,0.7709337073
8594,1,1.03289854575
8595,1,0.763120717761
8596,0,0.304449275893
8597,1,1.02921777734
8598,0,0.76870508149
8599,1,1.0270541865
8600,0,0.771614831345
8601,1,0.768246514007
8602,0,0.7709337073
8603,1,1.0358082956
8604,1,0.768555922728
8605,1,0.583908499671
8606,0,0.775910344784
8607,0,0.323395803823
8608,0,0.765073726274
8609,1,0.568593326958
8610,1,1.0335302566
8611,1,0.772073398828
8612,1,0.770983120496
8613,1,1.04160324166
8614,1,0.595203685664
8615,1,0.769795359822
8616,1,1.03517658476
8617,1,0.296736031921
8618,0,0.749596905958
8619,1,0.768555922728
8620,0,0.333486832368
8621,0,0.769795359822
8622,1,0.760892091951
8623,1,1.02814446483
8624,0,0.784020254204
8625,1,0.323346390628
8626,0,1.03239056507
8627,1,0.757211323539
8628,1,0.776319499071
8629,0,0.325823001591
8630,1,0.768555922728
8631,1,0.769795359822
8632,1,0.576244668895
8633,1,0.750340851214
8634,1,0.76870508149
8635,1,1.0270541865
8636,1,0.603066088398
8637,1,1.02751275398
8638,0,0.763269876524
8639,1,0.777409777403
8640,0,1.03284913255
8641,1,0.756901914819
8642,0,0.326714707966
8643,1,1.00090239527
8644,1,0.296736031921
8645,0,0.31210061783
8646,0,0.772073398828
8647,1,1.03517658476
8648,0,0.31210061783
8649,1,0.764360154856
8650,0,0.777459190599
8651,1,1.04051296333
8652,1,1.0358082956
8653,1,0.769795359822
8654,1,0.764409568051
8655,1,0.583648504146
8656,1,0.775910344784
8657,1,0.769287379144
8658,1,0.757211323539
8659,0,0.763170130957
8660,1,1.04056237653
8661,1,1.02446369642
8662,1,0.584998778004
8663,1,0.765024313078
8664,1,1.03030805567
8665,0,0.325773588396
8666,1,1.04056237653
8667,1,0.772073398828
8668,1,1.02145420099
8669,1,1.02094622032
8670,0,0.3310596346
8671,1,0.765024313078
8672,1,1.04051296333
8673,1,1.03289854575
8674,1,1.03289854575
8675,1,0.777459190599
8676,1,0.776319499071
8677,1,0.326913279923
8678,1,0.792774363312
8679,1,0.770983120496
8680,0,0.325773588396
8681,1,0.749547492763
8682,1,1.02860303231
8683,0,0.769795359822
8684,0,0.321003885701
8685,1,1.02155394656
8686,1,1.03517658476
8687,0,0.312051204635
8688,1,0.777409777403
8689,1,0.5785227079
8690,1,0.728846528278
8691,1,0.76870508149
8692,1,0.76870508149
8693,1,0.590016465851
8694,0,0.764360154856
8695,1,0.760892091951
8696,1,1.03030805567
8697,1,0.5871307006
8698,1,0.763269876524
8699,1,0.776368912267
8700,1,0.595402257622
8701,1,1.03030805567
8702,1,0.742094722783
8703,1,1.05003318999
8704,1,0.75550630018
8705,1,1.02462698873
8706,1,1.03398882408
8707,1,0.594794531377
8708,1,0.769795359822
8709,1,1.04056237653
8710,1,1.02751275398
8711,1,1.03289854575
8712,1,0.768655668295
8713,0,0.3310596346
8714,1,1.02508555621
8715,0,0.772073398828
8716,1,0.742094722783
8717,1,0.760892091951
8718,1,1.03274938699
8719,1,0.763319289719
8720,1,0.768555922728
8721,1,0.578572121096
8722,0,0.331010221405
8723,1,0.76870508149
8724,1,1.02751275398
8725,1,0.769745946627
8726,0,0.763319289719
8727,1,0.763319289719
8728,0,0.332299071694
8729,1,0.777459190599
8730,0,0.7709337073
8731,1,0.3310596346
8732,1,0.764409568051
8733,1,0.771614831345
8734,1,1.0358082956
8735,1,0.76870508149
8736,0,0.325673842829
8737,0,0.304449275893
8738,0,1.04165265486
8739,0,0.312051204635
8740,1,0.764360154856
8741,1,1.03289854575
8742,0,0.299014070927
8743,1,1.02860303231
8744,1,0.786248880014
8745,1,1.04056237653
8746,0,0.597221729145
8747,1,0.619471539444
8748,1,0.312051204635
8749,0,0.777409777403
8750,1,0.770983120496
8751,0,0.318010012052
8752,1,0.777459190599
8753,1,1.0334808434
8754,0,0.764409568051
8755,1,0.760892091951
8756,1,1.02254447933
8757,1,0.764260409289
8758,1,1.03243997827
8759,1,1.03284913255
8760,1,1.04010380904
8761,1,1.02860303231
8762,1,0.76870508149
8763,0,0.583908499671
8764,1,0.595402257622
8765,1,0.604156366731
8766,1,0.776368912267
8767,0,0.323232511512
8768,1,1.03239056507
8769,1,0.760270232157
8770,1,1.02751275398
8771,1,0.596033968471
8772,1,1.01374095702
8773,1,1.04010380904
8774,1,1.04119408738
8775,1,0.587589268083
8776,1,0.759638521307
8777,1,0.76870508149
8778,1,1.05153262261
8779,0,0.757360482302
8780,0,0.595884809709
8781,1,1.04165265486
8782,1,0.764360154856
8783,1,1.0358082956
8784,1,0.763319289719
8785,1,1.02746334078
8786,1,0.763269876524
8787,0,0.312051204635
8788,1,0.776368912267
8789,1,0.763901587373
8790,1,0.772073398828
8791,1,1.04010380904
8792,1,0.583449932189
8793,0,0.76870508149
8794,1,0.776368912267
8795,1,1.03517658476
8796,1,0.594794531377
8797,1,0.750799418697
8798,1,0.763319289719
8799,1,1.04010380904
8800,1,0.763170130957
8801,1,0.749547492763
8802,1,1.03289854575
8803,1,1.04165265486
8804,1,1.04010380904
8805,1,0.776368912267
8806,1,0.763269876524
8807,1,0.768506509532
8808,1,0.768655668295
8809,1,0.768506509532
8810,1,0.760728799639
8811,1,0.768655668295
8812,1,0.57629408209
8813,1,0.76611459141
8814,1,1.03289854575
8815,1,0.762860722236
8816,1,0.776368912267
8817,1,0.763120717761
8818,1,0.764409568051
8819,1,0.776368912267
8820,1,1.03398882408
8821,0,0.772023985632
8822,1,1.03289854575
8823,1,0.777459190599
8824,1,1.01390260462
8825,0,0.314378656836
8826,0,0.31210061783
8827,0,0.765073726274
8828,1,1.03289854575
8829,1,0.583957912867
8830,0,0.319715035412
8831,1,0.765024313078
8832,0,0.768506509532
8833,1,0.998425784309
8834,0,0.3310596346
8835,1,0.769795359822
8836,1,0.346374807314
8837,1,1.02814446483
8838,1,1.03284913255
8839,0,0.770983120496
8840,1,1.02880862305
8841,1,0.7709337073
8842,1,1.02160335976
8843,1,1.0270541865
8844,1,1.03243997827
8845,1,0.75068718429
8846,0,0.319715035412
8847,1,0.769795359822
8848,0,0.758450760634
8849,1,0.589867307089
8850,1,0.576244668895
8851,1,0.760892091951
8852,0,1.02875920986
8853,0,0.319764448607
8854,1,0.560929496181
8855,1,0.76870508149
8856,1,0.776319499071
8857,1,1.03289854575
8858,0,0.769795359822
8859,1,0.758450760634
8860,0,0.332149912932
8861,1,0.76933679234
8862,1,0.736659517817
8863,1,0.785110532536
8864,0,0.76870508149
8865,1,1.03243997827
8866,1,0.760892091951
8867,1,1.02926719053
8868,1,1.01969976444
8869,0,1.03575888241
8870,1,0.74313558792
8871,0,0.319764448607
8872,1,1.03512717156
8873,1,1.0335302566
8874,1,0.75550630018
8875,0,0.326863866728
8876,1,1.03289854575
8877,1,0.749547492763
8878,1,0.59235320006
8879,1,0.760892091951
8880,1,0.776319499071
8881,1,0.570908290319
8882,1,0.763120717761
8883,1,0.769795359822
8884,1,0.776368912267
8885,1,0.760433524469
8886,1,0.765073726274
8887,1,0.602607520916
8888,1,0.605282225369
8889,0,0.757211323539
8890,1,1.03289854575
8891,1,1.04056237653
8892,1,1.01379037022
8893,1,0.76870508149
8894,1,0.770524553013
8895,1,1.02814446483
8896,1,0.769795359822
8897,0,0.323395803823
8898,1,1.04821371846
8899,0,0.59525309886
8900,1,0.75550630018
8901,0,1.03621744989
8902,0,0.319715035412
8903,1,0.568593326958
8904,1,0.76870508149
8905,1,1.03274938699
8906,1,0.306714826059
8907,0,0.776319499071
8908,0,0.30549014103
8909,1,0.776319499071
8910,1,0.785110532536
8911,1,0.776368912267
8912,1,0.776368912267
8913,1,0.587589268083
8914,0,0.312051204635
8915,1,1.03517658476
8916,1,0.777459190599
8917,1,0.776368912267
8918,1,0.583908499671
8919,1,1.0335302566
8920,1,1.02508555621
8921,1,0.587539854888
8922,1,0.763319289719
8923,1,0.595402257622
8924,0,0.312051204635
8925,1,0.3345771107
8926,1,0.768655668295
8927,1,0.763120717761
8928,1,0.7709337073
8929,0,0.33297885169
8930,1,1.04165265486
8931,0,0.769795359822
8932,1,0.763319289719
8933,1,0.770524553013
8934,1,0.560978909377
8935,1,1.04040072892
8936,1,1.04056237653
8937,1,1.04010380904
8938,1,0.728846528278
8939,1,1.02814446483
8940,1,1.02731418202
8941,1,1.0270047733
8942,1,0.583648504146
8943,0,0.583908499671
8944,1,0.59525309886
8945,1,0.783871095441
8946,1,0.775910344784
8947,1,0.75550630018
8948,0,0.769795359822
8949,1,0.587589268083
8950,0,0.312051204635
8951,0,0.33075022588
8952,1,1.04056237653
8953,1,0.763269876524
8954,1,0.776368912267
8955,1,0.766164004606
8956,0,0.768655668295
8957,0,0.769745946627
8958,1,1.02508555621
8959,1,1.04165265486
8960,1,0.764409568051
8961,1,0.756901914819
8962,1,0.764409568051
8963,1,0.764409568051
8964,1,0.74313558792
8965,0,0.764360154856
8966,1,0.769795359822
8967,1,0.777459190599
8968,1,0.764409568051
8969,1,0.763319289719
8970,1,0.776368912267
8971,1,1.02984948819
8972,1,0.346374807314
8973,1,0.765024313078
8974,1,1.03621744989
8975,0,0.3310596346
8976,1,0.7709337073
8977,1,0.764360154856
8978,1,0.772073398828
8979,0,0.312051204635
8980,0,0.304449275893
8981,1,1.03517658476
8982,1,1.03274938699
8983,1,1.02746334078
8984,1,1.00835516525
8985,1,0.306714826059
8986,1,1.03243997827
8987,0,0.589867307089
8988,1,0.769795359822
8989,1,1.02264422489
8990,1,1.03398882408
8991,1,1.02875920986
8992,1,1.04165265486
8993,1,1.03575888241
8994,1,1.03289854575
8995,0,0.604156366731
8996,1,0.587589268083
8997,1,0.562019774513
8998,1,0.768655668295
8999,0,0.334527697505
9000,1,0.769795359822
9001,1,0.753114382058
9002,1,0.582154063117
9003,0,1.02218565741
9004,0,0.757409895497
9005,1,0.777409777403
9006,1,0.79168408498
9007,1,0.75550630018
9008,1,0.587589268083
9009,1,0.768655668295
9010,1,0.768506509532
9011,1,0.768246514007
9012,1,0.758301601872
9013,0,0.325673842829
9014,1,0.763319289719
9015,1,1.02269363809
9016,1,0.776319499071
9017,1,0.583908499671
9018,1,1.03243997827
9019,1,0.76611459141
9020,1,1.02109537908
9021,1,0.76933679234
9022,1,0.770983120496
9023,1,0.760892091951
9024,1,0.776319499071
9025,1,0.76611459141
9026,1,1.03243997827
9027,1,1.0358082956
9028,1,0.76870508149
9029,0,0.3310596346
9030,1,1.04056237653
9031,1,0.765024313078
9032,1,0.777459190599
9033,1,0.764409568051
9034,1,0.7709337073
9035,1,1.0270541865
9036,0,0.319715035412
9037,1,0.763170130957
9038,1,0.581744908829
9039,0,0.749250572882
9040,1,0.776319499071
9041,0,0.325823001591
9042,1,0.323346390628
9043,1,1.03621744989
9044,1,1.02860303231
9045,1,0.763319289719
9046,1,0.76870508149
9047,1,1.02746334078
9048,1,1.03398882408
9049,0,0.331010221405
9050,1,0.757409895497
9051,1,1.04010380904
9052,0,0.5871307006
9053,0,0.318010012052
9054,1,1.03383966532
9055,1,0.296785445117
9056,1,1.04114467418
9057,1,1.00732905218
9058,0,0.776368912267
9059,1,0.76870508149
9060,0,0.338872624139
9061,0,0.326863866728
9062,0,0.326405299245
9063,1,0.776368912267
9064,0,1.03471801727
9065,1,0.760842678756
9066,1,0.763319289719
9067,1,0.769745946627
9068,1,0.753064968863
9069,1,0.76611459141
9070,1,0.763269876524
9071,1,1.04165265486
9072,0,0.76611459141
9073,0,0.317960598857
9074,1,0.750340851214
9075,0,0.305639299793
9076,1,0.752024103726
9077,0,0.312051204635
9078,0,0.333486832368
9079,0,0.323395803823
9080,1,0.775910344784
9081,1,1.02264422489
9082,1,1.01453431547
9083,1,0.764360154856
9084,1,1.03289854575
9085,1,0.776368912267
9086,1,0.76870508149
9087,0,0.776368912267
9088,1,1.01374095702
9089,1,0.769795359822
9090,0,0.339962902471
9091,1,1.04114467418
9092,1,0.777409777403
9093,1,0.777000623116
9094,0,0.776368912267
9095,0,0.32443666896
9096,1,0.777459190599
9097,1,0.331010221405
9098,1,1.02269363809
9099,1,0.753114382058
9100,1,0.772073398828
9101,1,0.76870508149
9102,1,1.04010380904
9103,1,0.591057330988
9104,0,0.299014070927
9105,1,1.03512717156
9106,1,1.03398882408
9107,1,0.760892091951
9108,1,0.769795359822
9109,0,0.5871307006
9110,1,1.03517658476
9111,1,0.770983120496
9112,1,1.03289854575
9113,1,0.769795359822
9114,1,0.776319499071
9115,1,1.03289854575
9116,1,0.777459190599
9117,1,0.777459190599
9118,1,0.779675327569
9119,1,1.04056237653
9120,1,1.03626686309
9121,0,0.770983120496
9122,1,0.757360482302
9123,1,0.339962902471
9124,1,1.02223507061
9125,1,0.749138338476
9126,0,0.332249658499
9127,0,0.332100499737
9128,1,1.02508555621
9129,0,0.765024313078
9130,0,1.04165265486
9131,1,1.01390260462
9132,1,1.02746334078
9133,1,0.757211323539
9134,1,0.319715035412
9135,0,0.769795359822
9136,1,1.02751275398
9137,1,1.04056237653
9138,1,0.758500173829
9139,1,1.03517658476
9140,1,0.776319499071
9141,1,1.02751275398
9142,1,0.591106744183
9143,0,0.768555922728
9144,1,1.04010380904
9145,1,0.765024313078
9146,1,1.04119408738
9147,0,0.296736031921
9148,1,0.765024313078
9149,1,0.741896150826
9150,1,1.01969976444
9151,1,0.757409895497
9152,1,0.777459190599
9153,0,0.598721161764
9154,0,0.325673842829
9155,1,0.591106744183
9156,1,0.768555922728
9157,1,1.04165265486
9158,1,0.582203476312
9159,1,1.04051296333
9160,1,1.04010380904
9161,1,0.576244668895
9162,0,0.325624429634
9163,1,0.772073398828
9164,1,1.03289854575
9165,1,1.0270541865
9166,1,1.02926719053
9167,1,1.03289854575
9168,1,0.582203476312
9169,0,0.3310596346
9170,1,0.76870508149
9171,1,0.769795359822
9172,0,0.769795359822
9173,1,0.776368912267
9174,0,0.763170130957
9175,1,0.763319289719
9176,1,1.04051296333
9177,1,0.777459190599
9178,1,0.76870508149
9179,1,1.00578020637
9180,1,0.323395803823
9181,1,1.02855361912
9182,1,0.76870508149
9183,1,0.777459190599
9184,1,0.769795359822
9185,0,0.338872624139
9186,1,0.594894276944
9187,1,0.76870508149
9188,1,0.76870508149
9189,1,0.603066088398
9190,1,0.76611459141
9191,1,0.76870508149
9192,1,0.769795359822
9193,1,0.756901914819
9194,1,0.583908499671
9195,1,1.04821371846
9196,1,0.776319499071
9197,1,0.763319289719
9198,1,0.604156366731
9199,0,0.3310596346
9200,0,0.578572121096
9201,1,0.776368912267
9202,1,0.76964620106
9203,0,1.04056237653
9204,1,0.777459190599
9205,1,0.768555922728
9206,0,0.3310596346
9207,1,0.769795359822
9208,0,0.750799418697
9209,1,0.768555922728
9210,1,1.03398882408
9211,1,0.776319499071
9212,0,0.763319289719
9213,1,1.02751275398
9214,1,1.0480645597
9215,0,0.59525309886
9216,1,0.312051204635
9217,1,0.594943690139
9218,1,1.04056237653
9219,1,0.751974690531
9220,0,0.323346390628
9221,1,0.751974690531
9222,1,1.04056237653
9223,1,0.768246514007
9224,1,1.03398882408
9225,1,1.03289854575
9226,0,0.768655668295
9227,1,1.02751275398
9228,1,0.776368912267
9229,1,1.03517658476
9230,1,0.603066088398
9231,1,0.76870508149
9232,0,0.776368912267
9233,1,0.75550630018
9234,0,0.770983120496
9235,1,0.591262921728
9236,1,1.01483123535
9237,0,0.769795359822
9238,1,1.04056237653
9239,1,0.74975855356
9240,1,0.763269876524
9241,1,0.57629408209
9242,1,0.584057658434
9243,1,0.7709337073
9244,1,0.776368912267
9245,0,0.339962902471
9246,1,0.334527697505
9247,1,0.770983120496
9248,1,0.584057658434
9249,1,1.0358082956
9250,1,0.76933679234
9251,1,0.76870508149
9252,1,1.04775515098
9253,1,0.596492535954
9254,0,0.312051204635
9255,1,1.02875920986
9256,1,1.03393941089
9257,1,0.596033968471
9258,0,0.326863866728
9259,1,1.0515820358
9260,1,0.772023985632
9261,1,0.755047732698
9262,0,0.312051204635
9263,1,0.757360482302
9264,1,0.777459190599
9265,1,0.770983120496
9266,1,1.0334808434
9267,0,0.768246514007
9268,1,0.5871307006
9269,1,0.7709337073
9270,1,0.7709337073
9271,0,0.587589268083
9272,1,0.328667716478
9273,1,0.750799418697
9274,1,0.769795359822
9275,0,0.334527697505
9276,1,0.741896150826
9277,1,1.03224140631
9278,1,1.04119408738
9279,1,1.01349345034
9280,1,0.768655668295
9281,0,0.775910344784
9282,0,0.319715035412
9283,0,0.764409568051
9284,0,0.331010221405
9285,1,1.03512717156
9286,0,0.764409568051
9287,1,0.777459190599
9288,0,0.304449275893
9289,1,0.325673842829
9290,1,1.03398882408
9291,0,0.751825531768
9292,1,0.769795359822
9293,1,0.775910344784
9294,1,0.770983120496
9295,1,0.75550630018
9296,1,0.770983120496
9297,1,0.776368912267
9298,1,0.326863866728
9299,1,1.04010380904
9300,0,0.31755144457
9301,1,1.03517658476
9302,0,0.772023985632
9303,1,0.76870508149
9304,0,0.777459190599
9305,0,0.304399862698
9306,1,1.03512717156
9307,1,0.768246514007
9308,1,0.76870508149
9309,0,0.763319289719
9310,1,1.04165265486
9311,0,0.331010221405
9312,1,0.768246514007
9313,0,0.323395803823
9314,1,0.777459190599
9315,1,0.76870508149
9316,1,0.770983120496
9317,1,0.76870508149
9318,1,1.03398882408
9319,1,0.749547492763
9320,0,0.765024313078
9321,0,0.338872624139
9322,1,0.59525309886
9323,0,0.76870508149
9324,1,0.325673842829
9325,1,0.589508485173
9326,1,0.597680296627
9327,1,1.04160324166
9328,0,0.777000623116
9329,1,0.763951000569
9330,0,0.597630883432
9331,0,0.319764448607
9332,1,0.575835514608
9333,1,0.74975855356
9334,0,0.304449275893
9335,1,1.04119408738
9336,1,1.0214047878
9337,1,0.757211323539
9338,1,0.776368912267
9339,1,1.03035746887
9340,1,0.768655668295
9341,1,1.02814446483
9342,1,0.763319289719
9343,1,1.02751275398
9344,1,0.777459190599
9345,1,0.317960598857
9346,1,0.768506509532
9347,0,0.589408739606
9348,1,0.768655668295
9349,1,1.03030805567
9350,1,0.749709140365
9351,1,0.764360154856
9352,1,0.7709337073
9353,1,1.00608961509
9354,1,0.76870508149
9355,1,0.31210061783
9356,1,0.296736031921
9357,0,0.776368912267
9358,1,0.768555922728
9359,1,0.769795359822
9360,1,0.603648386053
9361,1,0.762711563474
9362,0,0.760892091951
9363,1,0.768655668295
9364,1,1.02218565741
9365,1,1.01725843312
9366,1,0.757360482302
9367,0,0.304449275893
9368,1,0.76870508149
9369,1,0.7709337073
9370,0,0.312051204635
9371,1,0.768506509532
9372,1,1.03621744989
9373,1,1.04010380904
9374,1,0.582203476312
9375,0,0.758301601872
9376,1,1.04010380904
9377,0,0.776368912267
9378,1,0.333486832368
9379,1,1.03471801727
9380,0,0.784020254204
9381,1,0.760842678756
9382,1,1.00835516525
9383,1,0.763319289719
9384,1,1.03621744989
9385,0,0.3310596346
9386,1,1.04160324166
9387,1,1.03512717156
9388,0,0.760892091951
9389,1,1.04056237653
9390,1,0.3310596346
9391,1,0.745463040121
9392,1,0.587589268083
9393,1,0.76870508149
9394,1,0.758301601872
9395,1,0.763319289719
9396,1,0.76611459141
9397,1,1.00628818704
9398,1,1.03274938699
9399,0,0.3310596346
9400,1,0.769287379144
9401,1,1.03626686309
9402,0,0.751974690531
9403,1,1.03398882408
9404,1,0.579612986233
9405,1,1.03621744989
9406,0,0.768246514007
9407,1,1.02989890138
9408,1,0.776368912267
9409,1,1.02814446483
9410,0,0.325673842829
9411,1,0.776368912267
9412,0,0.776368912267
9413,1,1.01621756799
9414,1,0.5871307006
9415,1,0.765656023928
9416,1,1.04056237653
9417,0,0.7709337073
9418,1,0.769795359822
9419,0,0.312051204635
9420,1,1.02860303231
9421,1,1.03289854575
9422,1,0.777000623116
9423,1,0.776319499071
9424,1,0.764360154856
9425,0,0.76611459141
9426,1,1.02508555621
9427,1,0.769795359822
9428,1,1.00578020637
9429,1,0.589557898368
9430,1,0.339962902471
9431,1,1.02926719053
9432,1,0.776368912267
9433,1,1.04051296333
9434,1,0.763319289719
9435,1,0.768506509532
9436,1,0.304399862698
9437,1,0.777459190599
9438,1,0.770983120496
9439,0,0.763269876524
9440,1,0.763269876524
9441,0,0.770983120496
9442,1,0.772073398828
9443,1,0.777459190599
9444,1,0.762860722236
9445,0,0.3310596346
9446,1,1.0358082956
9447,1,1.02462698873
9448,1,0.770983120496
9449,0,0.7709337073
9450,1,0.764360154856
9451,1,0.319715035412
9452,0,0.768655668295
9453,0,0.291399653346
9454,1,0.770983120496
9455,1,0.764409568051
9456,1,1.00732905218
9457,1,0.332299071694
9458,0,0.313190896163
9459,1,1.04119408738
9460,0,0.772073398828
9461,1,0.576244668895
9462,1,1.03243997827
9463,1,0.770983120496
9464,1,1.04998377679
9465,1,0.764360154856
9466,1,0.583908499671
9467,1,0.777459190599
9468,1,0.769795359822
9469,1,1.02109537908
9470,1,1.02503614302
9471,1,1.02155394656
9472,1,1.04119408738
9473,1,0.330700812684
9474,1,0.776319499071
9475,0,0.325673842829
9476,1,0.764565745596
9477,1,0.768555922728
9478,1,0.770983120496
9479,1,0.584998778004
9480,1,0.776368912267
9481,1,0.59525309886
9482,1,0.7709337073
9483,1,1.02094622032
9484,1,0.776368912267
9485,0,0.300104349259
9486,1,1.03243997827
9487,1,0.770983120496
9488,1,1.04010380904
9489,1,0.777409777403
9490,1,1.02218565741
9491,1,1.0335302566
9492,0,0.777459190599
9493,1,0.602904440797
9494,1,1.03239056507
9495,1,0.76870508149
9496,1,0.777000623116
9497,1,0.7709337073
9498,1,0.304399862698
9499,1,1.00835516525
9500,1,0.760778212835
9501,1,0.76870508149
9502,1,0.769795359822
9503,1,0.317960598857
9504,1,1.05003318999
9505,1,0.76870508149
9506,1,0.763269876524
9507,0,0.332299071694
9508,1,0.328618303283
9509,1,0.764409568051
9510,0,0.296736031921
9511,0,0.769795359822
9512,1,1.0270541865
9513,0,0.326913279923
9514,0,0.76870508149
9515,1,0.758450760634
9516,1,1.02155394656
9517,1,1.04165265486
9518,1,0.757409895497
9519,1,0.758450760634
9520,0,0.33075022588
9521,0,1.04010380904
9522,1,1.03030805567
9523,1,0.76870508149
9524,1,0.556633982742
9525,1,1.03289854575
9526,1,0.776368912267
9527,1,0.998475197504
9528,0,0.323395803823
9529,1,0.777459190599
9530,0,0.312051204635
9531,1,0.751974690531
9532,1,0.75550630018
9533,1,1.04165265486
9534,1,0.31210061783
9535,1,0.323395803823
9536,1,1.03289854575
9537,1,1.04010380904
9538,1,1.01374095702
9539,0,0.776368912267
9540,0,0.772073398828
9541,1,0.772023985632
9542,1,0.768097355245
9543,0,0.760384111273
9544,1,0.786298293209
9545,0,0.768555922728
9546,1,0.776368912267
9547,1,1.03471801727
9548,1,0.769795359822
9549,1,0.59525309886
9550,1,0.772073398828
9551,1,1.02462698873
9552,0,0.297367742771
9553,1,0.760842678756
9554,1,0.777409777403
9555,1,1.04005439585
9556,0,0.331010221405
9557,1,1.02814446483
9558,1,0.753064968863
9559,0,0.323395803823
9560,0,0.76611459141
9561,1,0.760892091951
9562,1,1.02855361912
9563,1,0.592811767542
9564,1,1.0335302566
9565,1,0.594943690139
9566,1,1.0334808434
9567,1,0.777459190599
9568,1,0.768555922728
9569,0,1.03626686309
9570,1,0.776368912267
9571,1,0.589867307089
9572,1,0.760892091951
9573,1,0.758301601872
9574,1,0.76870508149
9575,1,1.03274938699
9576,1,0.757211323539
9577,1,0.763170130957
9578,1,0.992581425055
9579,1,0.319715035412
9580,1,1.03398882408
9581,1,0.595203685664
9582,1,1.04056237653
9583,1,1.02145420099
9584,1,1.04282792669
9585,1,0.735322598381
9586,1,0.76870508149
9587,1,1.02814446483
9588,1,0.338823210943
9589,1,0.760892091951
9590,0,0.768246514007
9591,0,0.758500173829
9592,1,0.325673842829
9593,0,0.319715035412
9594,1,1.0322908195
9595,1,0.569882177248
9596,1,0.595402257622
9597,1,0.749547492763
9598,0,0.338872624139
9599,1,0.764409568051
9600,1,1.03289854575
9601,1,1.03517658476
9602,1,0.768555922728
9603,0,0.772073398828
9604,1,1.03517658476
9605,0,0.777459190599
9606,1,1.02814446483
9607,0,0.76870508149
9608,1,0.772073398828
9609,0,0.320854726939
9610,1,0.325624429634
9611,1,0.753114382058
9612,1,0.577334947227
9613,1,1.0358082956
9614,0,0.319764448607
9615,1,0.769795359822
9616,1,0.76870508149
9617,1,1.04056237653
9618,0,0.326454712441
9619,1,0.323395803823
9620,0,0.585147936766
9621,0,0.76870508149
9622,1,0.769795359822
9623,1,0.587589268083
9624,1,1.03284913255
9625,0,0.3310596346
9626,1,0.763269876524
9627,0,0.319715035412
9628,0,0.340989015543
9629,1,0.777459190599
9630,1,1.04010380904
9631,0,0.76933679234
9632,0,0.59525309886
9633,0,0.602904440797
9634,1,1.03289854575
9635,1,1.0056310476
9636,1,0.776368912267
9637,1,1.02751275398
9638,0,0.763269876524
9639,1,0.777459190599
9640,1,0.734232320049
9641,1,0.594894276944
9642,1,1.02875920986
9643,1,1.02337341808
9644,1,1.03398882408
9645,1,1.02503614302
9646,1,0.764360154856
9647,1,0.749547492763
9648,1,0.764360154856
9649,0,0.750637771095
9650,0,0.783561686721
9651,1,0.338823210943
9652,1,0.768655668295
9653,0,0.331010221405
9654,1,0.772073398828
9655,1,1.04119408738
9656,1,1.02155394656
9657,1,1.03274938699
9658,1,0.76611459141
9659,1,0.770983120496
9660,1,1.03243997827
9661,1,0.776368912267
9662,1,0.763319289719
9663,1,0.768555922728
9664,1,0.786248880014
9665,1,1.04056237653
9666,1,0.776319499071
9667,1,0.583449932189
9668,0,0.76870508149
9669,1,0.74313558792
9670,1,0.772023985632
9671,1,1.03517658476
9672,1,1.03243997827
9673,0,0.333486832368
9674,1,0.305639299793
9675,1,0.325823001591
9676,1,0.583957912867
9677,0,0.338872624139
9678,1,1.03239056507
9679,0,0.768555922728
9680,1,0.768555922728
9681,1,1.04165265486
9682,1,0.765656023928
9683,1,0.772073398828
9684,0,0.325624429634
9685,1,1.05696782757
9686,0,0.333437419172
9687,1,0.770983120496
9688,1,0.323346390628
9689,1,0.314329243641
9690,1,0.770983120496
9691,1,0.73655977225
9692,1,0.76611459141
9693,1,1.02809505163
9694,0,0.319764448607
9695,1,1.0214047878
9696,1,0.772073398828
9697,0,0.763319289719
9698,0,0.320805313744
9699,0,0.331208793362
9700,1,1.02508555621
9701,0,0.312051204635
9702,1,0.769795359822
9703,1,0.784020254204
9704,1,0.770983120496
9705,1,0.768655668295
9706,1,0.765024313078
9707,0,0.776368912267
9708,1,0.776368912267
9709,1,0.318010012052
9710,0,0.3310596346
9711,1,0.768246514007
9712,1,1.01344403714
9713,0,1.02814446483
9714,1,0.768555922728
9715,1,0.76870508149
9716,0,0.338710976537
9717,0,0.757211323539
9718,1,0.576244668895
9719,0,0.763319289719
9720,1,0.763120717761
9721,0,0.768655668295
9722,1,1.03626686309
9723,0,0.319050877189
9724,1,0.332299071694
9725,0,0.318010012052
9726,0,0.306665412864
9727,1,1.04165265486
9728,1,0.769596787865
9729,0,0.769795359822
9730,1,0.997967216826
9731,1,0.602607520916
9732,1,0.763319289719
9733,1,0.757409895497
9734,1,0.763170130957
9735,0,0.319864194174
9736,1,0.784020254204
9737,1,1.02875920986
9738,1,1.03626686309
9739,1,1.02508555621
9740,1,1.03289854575
9741,1,1.04391820502
9742,1,0.576244668895
9743,1,0.763319289719
9744,0,0.3310596346
9745,0,0.76870508149
9746,1,0.777459190599
9747,1,0.776319499071
9748,1,1.02751275398
9749,1,1.03289854575
9750,1,0.77156541815
9751,1,0.784651965053
9752,1,0.770983120496
9753,1,1.04165265486
9754,1,0.578064140418
9755,1,0.770983120496
9756,1,0.326913279923
9757,1,0.614085747673
9758,0,0.296785445117
9759,1,1.03471801727
9760,1,0.762860722236
9761,1,0.589817893893
9762,1,1.03517658476
9763,1,0.76870508149
9764,1,1.03398882408
9765,0,0.7709337073
9766,1,0.769795359822
9767,1,0.76870508149
9768,1,1.03289854575
9769,1,0.776319499071
9770,1,1.03243997827
9771,1,0.59525309886
9772,0,0.770983120496
9773,1,0.318010012052
9774,1,1.02731418202
9775,1,0.759179953825
9776,1,1.04160324166
9777,1,0.603648386053
9778,1,0.783871095441
9779,1,1.02099563351
9780,1,0.776319499071
9781,0,0.760892091951
9782,0,0.323395803823
9783,1,0.320854726939
9784,0,0.776319499071
9785,1,0.757211323539
9786,0,0.763319289719
9787,1,1.04056237653
9788,1,0.776368912267
9789,1,1.04056237653
9790,1,1.04056237653
9791,1,0.769745946627
9792,1,0.770983120496
9793,1,0.741896150826
9794,0,0.334527697505
9795,1,0.768555922728
9796,1,1.02462698873
9797,1,0.777409777403
9798,0,0.332299071694
9799,1,0.560929496181
9800,1,0.76870508149
9801,1,1.0270047733
9802,0,0.31210061783
9803,1,0.331010221405
9804,0,0.776368912267
9805,0,0.323395803823
9806,0,0.318010012052
9807,1,1.03289854575
9808,1,0.776368912267
9809,1,0.760892091951
9810,0,0.768555922728
9811,0,0.763319289719
9812,1,1.04051296333
9813,1,0.576244668895
9814,1,1.02989890138
9815,0,0.317960598857
9816,0,0.3310596346
9817,1,1.03517658476
9818,0,0.319715035412
9819,0,0.763319289719
9820,0,0.763319289719
9821,0,0.331010221405
9822,0,0.76870508149
9823,0,0.332299071694
9824,1,0.770524553013
9825,1,1.04056237653
9826,1,0.76870508149
9827,1,1.03289854575
9828,1,1.04056237653
9829,1,1.03289854575
9830,0,0.755456886985
9831,1,0.760892091951
9832,1,1.03626686309
9833,0,0.597680296627
9834,1,1.05587754924
9835,0,0.765656023928
9836,1,0.764360154856
9837,1,0.769795359822
9838,0,0.320954472506
9839,1,1.04056237653
9840,0,0.30549014103
9841,0,1.03455636967
9842,1,1.0358082956
9843,0,0.331208793362
9844,1,0.764409568051
9845,0,0.304399862698
9846,1,1.03289854575
9847,1,0.776319499071
9848,1,1.03517658476
9849,1,0.762811309041
9850,1,1.01504229615
9851,1,0.769745946627
9852,1,1.02155394656
9853,1,0.349842870218
9854,1,0.769745946627
9855,0,0.334527697505
9856,1,0.77156541815
9857,1,0.583908499671
9858,1,0.769795359822
9859,1,1.04005439585
9860,1,0.776368912267
9861,1,1.00039441459
9862,1,0.563207535187
9863,0,0.756901914819
9864,0,0.325773588396
9865,1,0.757260736735
9866,1,1.02746334078
9867,0,0.3310596346
9868,1,1.04391820502
9869,1,1.05003318999
9870,1,0.76870508149
9871,1,0.750637771095
9872,0,0.331208793362
9873,1,1.03289854575
9874,1,1.03274938699
9875,0,0.776319499071
9876,1,1.02860303231
9877,1,1.04056237653
9878,1,1.04165265486
9879,1,1.03289854575
9880,0,0.752024103726
9881,1,0.764360154856
9882,0,0.777409777403
9883,1,1.03243997827
9884,1,0.603066088398
9885,0,0.296736031921
9886,1,0.770983120496
9887,0,0.3310596346
9888,1,0.785110532536
9889,0,0.323395803823
9890,1,1.01969976444
9891,1,0.763319289719
9892,1,1.04056237653
9893,1,0.7709337073
9894,1,0.769795359822
9895,0,0.323395803823
9896,1,1.03289854575
9897,1,0.7709337073
9898,1,0.751825531768
9899,1,0.338872624139
9900,0,0.327528024951
9901,0,0.326764121161
9902,1,0.583293754644
9903,1,0.744161700992
9904,0,0.319715035412
9905,1,1.04160324166
9906,1,1.03289854575
9907,1,0.763319289719
9908,1,0.776368912267
9909,0,0.770983120496
9910,1,0.314329243641
9911,1,1.04010380904
9912,1,0.76870508149
9913,0,0.76870508149
9914,1,0.754998319502
9915,1,0.776319499071
9916,1,0.768555922728
9917,1,1.03243997827
9918,1,1.04005439585
9919,1,1.03398882408
9920,1,0.769795359822
9921,1,0.760892091951
9922,1,0.76870508149
9923,1,0.76870508149
9924,1,1.01483123535
9925,1,1.02751275398
9926,1,0.596033968471
9927,1,1.03289854575
9928,1,0.778026736188
9929,0,0.7709337073
9930,0,0.3310596346
9931,1,0.59525309886
9932,1,0.323395803823
9933,1,0.769745946627
9934,0,0.326913279923
9935,1,0.776319499071
9936,1,0.79168408498
9937,0,1.02814446483
9938,1,1.03393941089
9939,0,0.791634671785
9940,1,0.764409568051
9941,1,1.03398882408
9942,1,0.770983120496
9943,0,0.338872624139
9944,1,0.76611459141
9945,1,0.562748967704
9946,1,0.743035842353
9947,1,0.770983120496
9948,0,0.589408739606
9949,0,0.304399862698
9950,1,1.03289854575
9951,1,1.04114467418
9952,1,1.03398882408
9953,1,0.772073398828
9954,1,1.03626686309
9955,1,0.776368912267
9956,0,0.772023985632
9957,1,0.76870508149
9958,0,0.776368912267
9959,1,0.772073398828
9960,1,0.306665412864
9961,1,0.776951209921
9962,1,1.01488064855
9963,1,0.769795359822
9964,1,0.744211114187
9965,1,0.742094722783
9966,1,0.779724740765
9967,1,0.583908499671
9968,1,0.769795359822
9969,1,1.02746334078
9970,0,0.763269876524
9971,0,0.318010012052
9972,1,0.783871095441
9973,1,0.306665412864
9974,1,0.596343377192
9975,0,0.7709337073
9976,0,0.317960598857
9977,1,1.03289854575
9978,1,0.737600637387
9979,1,0.604156366731
9980,1,1.02446369642
9981,0,0.776319499071
9982,1,0.749547492763
9983,1,0.603066088398
9984,0,0.327528024951
9985,1,0.769745946627
9986,0,0.775910344784
9987,1,1.04056237653
9988,0,0.74313558792
9989,1,0.769745946627
9990,1,1.01965035124
9991,1,0.785110532536
9992,1,1.03398882408
9993,1,1.03398882408
9994,1,0.76870508149
9995,0,0.328618303283
9996,1,1.04056237653
9997,1,0.741896150826
9998,0,0.319715035412
9999,1,0.768555922728
ERROR MSE: 0.136511993057
