,var1,var1Predicted
6700,1,1.0
6701,0,1.0
6702,1,1.0
6703,1,1.0
6704,1,1.0
6705,1,0.0
6706,0,1.0
6707,1,1.0
6708,0,1.0
6709,1,1.0
6710,1,1.0
6711,1,1.0
6712,0,0.0
6713,0,0.0
6714,0,0.0
6715,1,1.0
6716,0,0.0
6717,1,0.0
6718,1,1.0
6719,0,0.0
6720,1,1.0
6721,0,1.0
6722,1,1.0
6723,1,1.0
6724,1,1.0
6725,1,0.0
6726,1,1.0
6727,1,1.0
6728,1,1.0
6729,1,1.0
6730,1,1.0
6731,1,1.0
6732,1,1.0
6733,1,1.0
6734,1,1.0
6735,0,1.0
6736,1,1.0
6737,0,1.0
6738,1,1.0
6739,0,1.0
6740,1,1.0
6741,1,1.0
6742,1,0.0
6743,1,1.0
6744,1,1.0
6745,1,1.0
6746,1,1.0
6747,1,1.0
6748,1,1.0
6749,1,1.0
6750,1,1.0
6751,1,1.0
6752,0,0.0
6753,1,1.0
6754,1,0.0
6755,0,1.0
6756,0,0.0
6757,0,1.0
6758,1,1.0
6759,1,1.0
6760,1,1.0
6761,1,1.0
6762,1,1.0
6763,1,1.0
6764,0,0.0
6765,1,1.0
6766,1,1.0
6767,1,1.0
6768,1,1.0
6769,1,1.0
6770,1,1.0
6771,1,1.0
6772,0,0.0
6773,1,0.0
6774,1,1.0
6775,1,1.0
6776,1,1.0
6777,1,1.0
6778,0,0.0
6779,1,1.0
6780,0,0.0
6781,0,1.0
6782,0,0.0
6783,1,1.0
6784,0,1.0
6785,0,0.0
6786,1,1.0
6787,1,1.0
6788,1,1.0
6789,0,1.0
6790,1,1.0
6791,1,1.0
6792,0,1.0
6793,1,1.0
6794,0,0.0
6795,1,1.0
6796,1,1.0
6797,1,1.0
6798,1,1.0
6799,0,0.0
6800,1,1.0
6801,1,1.0
6802,0,1.0
6803,0,0.0
6804,0,0.0
6805,1,1.0
6806,1,1.0
6807,0,1.0
6808,0,0.0
6809,1,1.0
6810,1,1.0
6811,0,0.0
6812,1,1.0
6813,0,1.0
6814,1,1.0
6815,0,0.0
6816,0,0.0
6817,0,0.0
6818,1,1.0
6819,1,1.0
6820,1,1.0
6821,1,1.0
6822,1,1.0
6823,0,0.0
6824,0,0.0
6825,1,1.0
6826,1,1.0
6827,1,1.0
6828,1,1.0
6829,1,1.0
6830,1,1.0
6831,1,0.0
6832,0,0.0
6833,1,1.0
6834,1,1.0
6835,1,1.0
6836,1,1.0
6837,1,1.0
6838,1,1.0
6839,1,1.0
6840,1,1.0
6841,0,0.0
6842,0,1.0
6843,0,1.0
6844,1,0.0
6845,1,1.0
6846,1,1.0
6847,1,1.0
6848,1,1.0
6849,0,0.0
6850,1,1.0
6851,1,1.0
6852,0,0.0
6853,0,0.0
6854,0,0.0
6855,0,0.0
6856,1,1.0
6857,1,1.0
6858,0,1.0
6859,0,0.0
6860,0,0.0
6861,0,1.0
6862,0,1.0
6863,0,0.0
6864,1,1.0
6865,1,1.0
6866,1,0.0
6867,1,1.0
6868,0,0.0
6869,1,1.0
6870,1,1.0
6871,1,1.0
6872,1,1.0
6873,1,1.0
6874,1,1.0
6875,1,1.0
6876,0,0.0
6877,1,1.0
6878,0,1.0
6879,1,1.0
6880,0,1.0
6881,1,1.0
6882,1,1.0
6883,1,1.0
6884,1,1.0
6885,1,1.0
6886,1,1.0
6887,1,1.0
6888,1,1.0
6889,1,1.0
6890,1,1.0
6891,1,1.0
6892,0,0.0
6893,0,1.0
6894,1,1.0
6895,1,1.0
6896,0,0.0
6897,1,1.0
6898,0,0.0
6899,0,1.0
6900,1,1.0
6901,0,1.0
6902,1,1.0
6903,1,1.0
6904,1,1.0
6905,1,1.0
6906,0,0.0
6907,0,0.0
6908,1,1.0
6909,1,1.0
6910,1,1.0
6911,0,1.0
6912,0,1.0
6913,1,1.0
6914,0,0.0
6915,1,1.0
6916,0,0.0
6917,1,1.0
6918,1,1.0
6919,0,1.0
6920,0,0.0
6921,0,0.0
6922,1,1.0
6923,0,1.0
6924,1,1.0
6925,1,1.0
6926,0,1.0
6927,1,1.0
6928,1,1.0
6929,0,1.0
6930,1,1.0
6931,1,1.0
6932,1,1.0
6933,1,1.0
6934,0,1.0
6935,1,1.0
6936,1,1.0
6937,0,1.0
6938,0,1.0
6939,1,1.0
6940,1,1.0
6941,1,1.0
6942,0,1.0
6943,1,1.0
6944,1,1.0
6945,1,1.0
6946,1,1.0
6947,1,1.0
6948,1,1.0
6949,1,1.0
6950,1,1.0
6951,1,1.0
6952,0,1.0
6953,0,0.0
6954,1,1.0
6955,1,1.0
6956,0,0.0
6957,0,0.0
6958,1,1.0
6959,0,0.0
6960,0,1.0
6961,1,1.0
6962,1,1.0
6963,1,1.0
6964,0,0.0
6965,1,1.0
6966,1,1.0
6967,1,0.0
6968,1,1.0
6969,0,0.0
6970,1,1.0
6971,1,1.0
6972,1,1.0
6973,0,0.0
6974,0,0.0
6975,0,1.0
6976,1,1.0
6977,1,1.0
6978,1,1.0
6979,1,1.0
6980,1,1.0
6981,1,0.0
6982,1,0.0
6983,1,1.0
6984,0,0.0
6985,1,1.0
6986,1,1.0
6987,0,1.0
6988,0,0.0
6989,1,1.0
6990,1,1.0
6991,1,1.0
6992,0,1.0
6993,1,1.0
6994,0,1.0
6995,1,0.0
6996,1,1.0
6997,1,1.0
6998,1,1.0
6999,1,1.0
7000,1,1.0
7001,1,1.0
7002,1,1.0
7003,1,0.0
7004,1,1.0
7005,1,1.0
7006,1,1.0
7007,1,1.0
7008,1,1.0
7009,0,0.0
7010,1,1.0
7011,1,1.0
7012,1,1.0
7013,1,1.0
7014,1,1.0
7015,1,1.0
7016,1,1.0
7017,1,1.0
7018,1,1.0
7019,1,1.0
7020,1,0.0
7021,1,1.0
7022,1,1.0
7023,1,1.0
7024,1,1.0
7025,1,1.0
7026,1,1.0
7027,1,1.0
7028,1,1.0
7029,1,1.0
7030,1,1.0
7031,0,1.0
7032,1,1.0
7033,0,1.0
7034,1,1.0
7035,1,1.0
7036,1,0.0
7037,1,1.0
7038,0,0.0
7039,1,1.0
7040,1,1.0
7041,1,1.0
7042,1,1.0
7043,1,1.0
7044,1,1.0
7045,0,0.0
7046,1,1.0
7047,1,1.0
7048,0,1.0
7049,1,1.0
7050,1,1.0
7051,1,1.0
7052,1,1.0
7053,1,1.0
7054,0,0.0
7055,1,1.0
7056,1,1.0
7057,0,1.0
7058,1,1.0
7059,1,1.0
7060,0,1.0
7061,0,1.0
7062,1,1.0
7063,1,1.0
7064,0,0.0
7065,1,1.0
7066,0,1.0
7067,1,1.0
7068,1,1.0
7069,1,1.0
7070,1,1.0
7071,1,1.0
7072,0,0.0
7073,0,0.0
7074,0,1.0
7075,0,1.0
7076,1,1.0
7077,1,0.0
7078,1,0.0
7079,1,1.0
7080,0,1.0
7081,1,1.0
7082,0,1.0
7083,0,1.0
7084,1,1.0
7085,1,0.0
7086,0,1.0
7087,0,1.0
7088,1,1.0
7089,1,1.0
7090,1,1.0
7091,1,1.0
7092,0,0.0
7093,1,0.0
7094,1,1.0
7095,0,1.0
7096,0,0.0
7097,0,1.0
7098,0,0.0
7099,1,1.0
7100,0,1.0
7101,0,0.0
7102,0,0.0
7103,1,1.0
7104,1,0.0
7105,0,0.0
7106,0,0.0
7107,0,0.0
7108,0,0.0
7109,1,1.0
7110,1,1.0
7111,1,1.0
7112,1,0.0
7113,1,1.0
7114,1,1.0
7115,1,1.0
7116,0,1.0
7117,1,1.0
7118,1,1.0
7119,1,1.0
7120,0,0.0
7121,1,1.0
7122,0,1.0
7123,1,1.0
7124,1,1.0
7125,0,0.0
7126,1,1.0
7127,1,1.0
7128,1,1.0
7129,0,1.0
7130,1,1.0
7131,1,0.0
7132,1,1.0
7133,1,1.0
7134,1,1.0
7135,1,1.0
7136,1,1.0
7137,1,1.0
7138,0,0.0
7139,1,1.0
7140,0,0.0
7141,1,1.0
7142,1,1.0
7143,0,1.0
7144,0,0.0
7145,0,0.0
7146,1,1.0
7147,1,1.0
7148,1,1.0
7149,0,0.0
7150,1,1.0
7151,0,0.0
7152,0,0.0
7153,1,1.0
7154,0,1.0
7155,1,1.0
7156,1,1.0
7157,1,1.0
7158,0,1.0
7159,0,0.0
7160,1,1.0
7161,1,1.0
7162,1,1.0
7163,0,0.0
7164,1,1.0
7165,1,1.0
7166,0,0.0
7167,0,1.0
7168,1,1.0
7169,0,0.0
7170,1,1.0
7171,1,1.0
7172,1,1.0
7173,0,0.0
7174,1,1.0
7175,1,1.0
7176,1,1.0
7177,1,1.0
7178,1,1.0
7179,1,1.0
7180,1,1.0
7181,1,1.0
7182,1,1.0
7183,0,1.0
7184,0,0.0
7185,1,1.0
7186,1,1.0
7187,1,1.0
7188,1,0.0
7189,1,1.0
7190,1,1.0
7191,1,1.0
7192,0,0.0
7193,1,1.0
7194,1,1.0
7195,1,1.0
7196,1,1.0
7197,1,0.0
7198,1,1.0
7199,1,1.0
7200,1,1.0
7201,1,1.0
7202,1,1.0
7203,0,1.0
7204,1,1.0
7205,0,0.0
7206,0,0.0
7207,1,1.0
7208,0,0.0
7209,1,1.0
7210,1,1.0
7211,1,1.0
7212,1,1.0
7213,0,1.0
7214,0,1.0
7215,0,0.0
7216,1,1.0
7217,1,1.0
7218,1,1.0
7219,0,1.0
7220,1,1.0
7221,1,1.0
7222,1,1.0
7223,1,1.0
7224,0,1.0
7225,1,1.0
7226,1,1.0
7227,1,1.0
7228,1,1.0
7229,1,1.0
7230,1,0.0
7231,0,0.0
7232,1,1.0
7233,1,1.0
7234,0,0.0
7235,1,0.0
7236,0,0.0
7237,0,0.0
7238,1,1.0
7239,1,1.0
7240,0,1.0
7241,1,1.0
7242,0,0.0
7243,1,1.0
7244,1,1.0
7245,1,1.0
7246,0,0.0
7247,1,0.0
7248,0,1.0
7249,1,1.0
7250,1,1.0
7251,1,1.0
7252,0,1.0
7253,1,1.0
7254,0,0.0
7255,0,0.0
7256,1,1.0
7257,0,0.0
7258,1,1.0
7259,1,0.0
7260,0,0.0
7261,1,0.0
7262,0,0.0
7263,1,1.0
7264,0,0.0
7265,0,1.0
7266,1,1.0
7267,1,1.0
7268,1,1.0
7269,1,0.0
7270,0,0.0
7271,0,1.0
7272,0,1.0
7273,1,1.0
7274,0,0.0
7275,1,1.0
7276,0,1.0
7277,1,0.0
7278,0,0.0
7279,1,1.0
7280,1,1.0
7281,0,0.0
7282,1,1.0
7283,1,1.0
7284,0,0.0
7285,1,1.0
7286,1,1.0
7287,1,1.0
7288,1,1.0
7289,1,1.0
7290,0,0.0
7291,1,1.0
7292,1,0.0
7293,0,0.0
7294,1,1.0
7295,1,1.0
7296,1,1.0
7297,1,1.0
7298,1,1.0
7299,0,0.0
7300,0,0.0
7301,1,1.0
7302,0,0.0
7303,1,1.0
7304,0,1.0
7305,0,0.0
7306,0,1.0
7307,1,0.0
7308,1,1.0
7309,0,0.0
7310,0,1.0
7311,0,1.0
7312,0,1.0
7313,0,1.0
7314,1,1.0
7315,1,1.0
7316,1,1.0
7317,1,1.0
7318,0,0.0
7319,0,0.0
7320,1,1.0
7321,1,1.0
7322,0,0.0
7323,1,1.0
7324,0,1.0
7325,1,1.0
7326,1,1.0
7327,1,1.0
7328,0,1.0
7329,1,1.0
7330,0,0.0
7331,1,1.0
7332,0,1.0
7333,1,1.0
7334,1,1.0
7335,1,1.0
7336,1,1.0
7337,1,1.0
7338,1,1.0
7339,0,1.0
7340,1,1.0
7341,1,1.0
7342,1,0.0
7343,1,1.0
7344,0,0.0
7345,1,1.0
7346,1,1.0
7347,1,1.0
7348,0,0.0
7349,0,1.0
7350,1,1.0
7351,1,1.0
7352,1,1.0
7353,1,1.0
7354,0,1.0
7355,0,1.0
7356,0,1.0
7357,1,1.0
7358,1,1.0
7359,1,1.0
7360,0,0.0
7361,0,0.0
7362,1,1.0
7363,1,1.0
7364,1,1.0
7365,1,1.0
7366,1,1.0
7367,0,1.0
7368,1,1.0
7369,1,1.0
7370,0,0.0
7371,1,1.0
7372,1,1.0
7373,0,1.0
7374,1,1.0
7375,1,0.0
7376,0,0.0
7377,1,1.0
7378,1,1.0
7379,1,1.0
7380,1,1.0
7381,1,1.0
7382,0,1.0
7383,1,1.0
7384,1,1.0
7385,1,1.0
7386,0,1.0
7387,1,1.0
7388,0,1.0
7389,1,1.0
7390,0,1.0
7391,1,1.0
7392,0,1.0
7393,1,1.0
7394,1,1.0
7395,1,1.0
7396,0,0.0
7397,1,1.0
7398,1,1.0
7399,0,0.0
7400,1,1.0
7401,1,1.0
7402,1,1.0
7403,0,1.0
7404,1,1.0
7405,1,1.0
7406,1,1.0
7407,1,0.0
7408,1,1.0
7409,0,1.0
7410,1,1.0
7411,1,1.0
7412,1,1.0
7413,0,1.0
7414,1,1.0
7415,1,1.0
7416,1,1.0
7417,1,1.0
7418,0,1.0
7419,0,1.0
7420,1,1.0
7421,1,0.0
7422,1,1.0
7423,1,1.0
7424,1,1.0
7425,0,1.0
7426,1,1.0
7427,0,0.0
7428,1,1.0
7429,1,1.0
7430,0,0.0
7431,1,1.0
7432,0,1.0
7433,0,1.0
7434,1,1.0
7435,1,1.0
7436,1,1.0
7437,1,1.0
7438,1,1.0
7439,1,1.0
7440,1,1.0
7441,1,1.0
7442,1,1.0
7443,0,0.0
7444,0,1.0
7445,0,0.0
7446,1,1.0
7447,1,0.0
7448,1,1.0
7449,1,1.0
7450,1,1.0
7451,1,1.0
7452,1,1.0
7453,1,1.0
7454,0,1.0
7455,1,1.0
7456,1,1.0
7457,0,0.0
7458,1,1.0
7459,1,1.0
7460,1,1.0
7461,0,1.0
7462,0,1.0
7463,0,1.0
7464,1,1.0
7465,0,1.0
7466,1,1.0
7467,0,1.0
7468,1,1.0
7469,0,1.0
7470,1,1.0
7471,1,1.0
7472,1,1.0
7473,0,0.0
7474,1,1.0
7475,1,1.0
7476,1,1.0
7477,0,1.0
7478,0,1.0
7479,1,1.0
7480,1,1.0
7481,1,1.0
7482,1,1.0
7483,1,1.0
7484,1,1.0
7485,1,1.0
7486,1,1.0
7487,0,0.0
7488,0,0.0
7489,1,1.0
7490,0,0.0
7491,0,1.0
7492,1,1.0
7493,0,1.0
7494,1,0.0
7495,0,1.0
7496,0,1.0
7497,0,1.0
7498,1,1.0
7499,1,1.0
7500,1,1.0
7501,0,0.0
7502,1,1.0
7503,1,1.0
7504,1,1.0
7505,1,1.0
7506,1,1.0
7507,1,1.0
7508,0,1.0
7509,0,0.0
7510,0,1.0
7511,1,1.0
7512,0,1.0
7513,1,1.0
7514,0,0.0
7515,1,1.0
7516,0,1.0
7517,0,1.0
7518,1,1.0
7519,1,1.0
7520,1,1.0
7521,0,1.0
7522,1,1.0
7523,0,1.0
7524,1,1.0
7525,1,1.0
7526,0,1.0
7527,1,0.0
7528,1,1.0
7529,0,0.0
7530,1,1.0
7531,1,1.0
7532,0,0.0
7533,0,0.0
7534,1,1.0
7535,1,1.0
7536,1,1.0
7537,1,1.0
7538,0,1.0
7539,1,1.0
7540,0,0.0
7541,0,0.0
7542,0,1.0
7543,1,1.0
7544,1,1.0
7545,1,1.0
7546,1,1.0
7547,1,1.0
7548,1,1.0
7549,1,0.0
7550,1,1.0
7551,1,1.0
7552,1,1.0
7553,1,1.0
7554,1,1.0
7555,1,1.0
7556,1,1.0
7557,1,1.0
7558,0,1.0
7559,1,1.0
7560,1,1.0
7561,1,1.0
7562,1,1.0
7563,1,0.0
7564,1,1.0
7565,1,1.0
7566,1,1.0
7567,1,1.0
7568,0,0.0
7569,1,1.0
7570,1,1.0
7571,1,1.0
7572,0,1.0
7573,1,1.0
7574,0,1.0
7575,1,1.0
7576,1,1.0
7577,1,1.0
7578,0,1.0
7579,0,0.0
7580,0,0.0
7581,1,1.0
7582,1,1.0
7583,0,1.0
7584,1,0.0
7585,1,1.0
7586,1,1.0
7587,1,1.0
7588,0,0.0
7589,1,1.0
7590,1,1.0
7591,1,0.0
7592,1,1.0
7593,1,1.0
7594,0,0.0
7595,1,1.0
7596,1,1.0
7597,1,1.0
7598,1,1.0
7599,0,0.0
7600,1,0.0
7601,1,1.0
7602,0,1.0
7603,1,1.0
7604,0,1.0
7605,1,1.0
7606,1,0.0
7607,0,0.0
7608,1,1.0
7609,1,1.0
7610,1,1.0
7611,1,1.0
7612,1,0.0
7613,1,1.0
7614,0,1.0
7615,1,1.0
7616,1,1.0
7617,1,1.0
7618,1,1.0
7619,0,1.0
7620,1,1.0
7621,1,1.0
7622,1,0.0
7623,1,1.0
7624,1,1.0
7625,1,1.0
7626,1,1.0
7627,1,1.0
7628,1,1.0
7629,1,1.0
7630,0,0.0
7631,1,1.0
7632,1,0.0
7633,1,1.0
7634,0,1.0
7635,1,1.0
7636,1,1.0
7637,1,1.0
7638,0,1.0
7639,0,1.0
7640,0,0.0
7641,1,1.0
7642,0,0.0
7643,0,0.0
7644,1,1.0
7645,1,1.0
7646,1,1.0
7647,1,1.0
7648,0,0.0
7649,1,1.0
7650,1,1.0
7651,1,1.0
7652,1,1.0
7653,0,1.0
7654,0,1.0
7655,1,1.0
7656,1,1.0
7657,1,1.0
7658,0,0.0
7659,0,0.0
7660,0,1.0
7661,1,1.0
7662,1,1.0
7663,0,1.0
7664,1,1.0
7665,1,1.0
7666,1,1.0
7667,0,0.0
7668,0,1.0
7669,1,1.0
7670,1,1.0
7671,1,1.0
7672,1,1.0
7673,1,1.0
7674,0,0.0
7675,1,1.0
7676,1,0.0
7677,1,1.0
7678,1,1.0
7679,0,0.0
7680,1,1.0
7681,0,1.0
7682,1,1.0
7683,0,1.0
7684,1,1.0
7685,1,1.0
7686,0,1.0
7687,1,1.0
7688,1,1.0
7689,1,1.0
7690,0,0.0
7691,1,1.0
7692,1,1.0
7693,0,1.0
7694,1,1.0
7695,0,0.0
7696,1,1.0
7697,1,1.0
7698,0,0.0
7699,1,1.0
7700,1,1.0
7701,1,1.0
7702,1,1.0
7703,1,1.0
7704,1,1.0
7705,0,0.0
7706,1,1.0
7707,1,1.0
7708,1,1.0
7709,0,1.0
7710,0,0.0
7711,1,1.0
7712,1,1.0
7713,1,1.0
7714,0,0.0
7715,1,1.0
7716,0,1.0
7717,1,1.0
7718,1,1.0
7719,1,1.0
7720,0,1.0
7721,1,1.0
7722,0,0.0
7723,1,1.0
7724,1,1.0
7725,1,1.0
7726,0,0.0
7727,1,1.0
7728,1,1.0
7729,1,1.0
7730,1,1.0
7731,1,1.0
7732,1,1.0
7733,1,1.0
7734,1,1.0
7735,1,1.0
7736,0,1.0
7737,1,1.0
7738,0,0.0
7739,1,1.0
7740,1,1.0
7741,0,1.0
7742,1,1.0
7743,1,1.0
7744,1,1.0
7745,1,1.0
7746,0,0.0
7747,0,0.0
7748,1,1.0
7749,1,1.0
7750,1,1.0
7751,0,0.0
7752,0,0.0
7753,1,1.0
7754,1,1.0
7755,0,1.0
7756,1,1.0
7757,1,1.0
7758,1,1.0
7759,1,1.0
7760,0,0.0
7761,0,0.0
7762,1,1.0
7763,0,0.0
7764,1,1.0
7765,0,1.0
7766,1,1.0
7767,0,1.0
7768,1,1.0
7769,0,0.0
7770,0,1.0
7771,0,0.0
7772,1,1.0
7773,1,1.0
7774,1,1.0
7775,0,1.0
7776,0,0.0
7777,1,1.0
7778,1,1.0
7779,1,1.0
7780,0,0.0
7781,1,1.0
7782,1,1.0
7783,1,1.0
7784,0,0.0
7785,1,1.0
7786,1,1.0
7787,1,1.0
7788,1,1.0
7789,0,1.0
7790,1,1.0
7791,0,0.0
7792,1,0.0
7793,0,0.0
7794,1,1.0
7795,0,0.0
7796,0,0.0
7797,1,1.0
7798,0,1.0
7799,0,0.0
7800,0,1.0
7801,1,1.0
7802,0,1.0
7803,1,1.0
7804,1,1.0
7805,1,0.0
7806,0,0.0
7807,1,1.0
7808,1,1.0
7809,0,1.0
7810,1,1.0
7811,1,1.0
7812,1,1.0
7813,1,1.0
7814,0,0.0
7815,0,0.0
7816,1,1.0
7817,1,1.0
7818,1,1.0
7819,0,0.0
7820,1,1.0
7821,1,1.0
7822,0,0.0
7823,0,0.0
7824,0,1.0
7825,1,1.0
7826,1,1.0
7827,1,1.0
7828,1,1.0
7829,1,1.0
7830,1,1.0
7831,1,1.0
7832,0,1.0
7833,0,0.0
7834,1,1.0
7835,1,1.0
7836,1,1.0
7837,0,0.0
7838,0,1.0
7839,0,0.0
7840,1,0.0
7841,1,1.0
7842,1,0.0
7843,1,1.0
7844,1,1.0
7845,0,0.0
7846,1,0.0
7847,1,1.0
7848,1,0.0
7849,1,1.0
7850,1,1.0
7851,1,1.0
7852,1,1.0
7853,1,1.0
7854,1,0.0
7855,1,1.0
7856,0,0.0
7857,1,1.0
7858,1,1.0
7859,1,1.0
7860,0,0.0
7861,1,1.0
7862,1,1.0
7863,1,1.0
7864,1,1.0
7865,1,1.0
7866,1,1.0
7867,1,1.0
7868,1,1.0
7869,0,1.0
7870,1,1.0
7871,0,1.0
7872,1,0.0
7873,1,1.0
7874,1,1.0
7875,1,1.0
7876,1,0.0
7877,1,1.0
7878,1,1.0
7879,1,1.0
7880,0,1.0
7881,1,1.0
7882,1,1.0
7883,0,1.0
7884,1,1.0
7885,0,0.0
7886,1,1.0
7887,0,0.0
7888,1,1.0
7889,1,1.0
7890,1,1.0
7891,0,1.0
7892,1,1.0
7893,0,0.0
7894,1,1.0
7895,0,0.0
7896,1,1.0
7897,1,1.0
7898,0,1.0
7899,1,1.0
7900,1,1.0
7901,1,1.0
7902,0,0.0
7903,1,1.0
7904,0,0.0
7905,1,1.0
7906,1,1.0
7907,1,1.0
7908,1,1.0
7909,0,0.0
7910,1,1.0
7911,1,1.0
7912,1,1.0
7913,1,1.0
7914,0,1.0
7915,1,1.0
7916,1,1.0
7917,1,1.0
7918,0,0.0
7919,0,0.0
7920,1,1.0
7921,1,1.0
7922,1,1.0
7923,0,1.0
7924,1,1.0
7925,1,1.0
7926,1,1.0
7927,1,1.0
7928,1,1.0
7929,1,1.0
7930,1,1.0
7931,1,0.0
7932,1,0.0
7933,0,1.0
7934,1,1.0
7935,1,1.0
7936,1,1.0
7937,1,0.0
7938,1,1.0
7939,1,1.0
7940,1,1.0
7941,1,1.0
7942,1,1.0
7943,1,1.0
7944,1,1.0
7945,0,0.0
7946,1,1.0
7947,1,1.0
7948,1,1.0
7949,0,1.0
7950,1,1.0
7951,1,1.0
7952,0,0.0
7953,1,1.0
7954,1,1.0
7955,1,1.0
7956,1,1.0
7957,1,1.0
7958,1,1.0
7959,1,1.0
7960,1,1.0
7961,1,1.0
7962,1,1.0
7963,1,1.0
7964,1,1.0
7965,0,1.0
7966,1,0.0
7967,1,1.0
7968,0,1.0
7969,0,1.0
7970,1,1.0
7971,0,0.0
7972,0,0.0
7973,1,1.0
7974,1,1.0
7975,1,1.0
7976,1,1.0
7977,1,1.0
7978,0,0.0
7979,1,1.0
7980,1,1.0
7981,1,1.0
7982,1,0.0
7983,1,1.0
7984,1,1.0
7985,1,1.0
7986,1,1.0
7987,1,1.0
7988,1,1.0
7989,1,1.0
7990,1,1.0
7991,1,1.0
7992,0,0.0
7993,1,1.0
7994,0,0.0
7995,0,0.0
7996,1,0.0
7997,0,1.0
7998,1,0.0
7999,1,1.0
8000,0,0.0
8001,1,1.0
8002,1,1.0
8003,1,1.0
8004,1,1.0
8005,1,1.0
8006,1,1.0
8007,0,1.0
8008,0,0.0
8009,0,0.0
8010,1,1.0
8011,1,1.0
8012,1,1.0
8013,1,1.0
8014,1,1.0
8015,0,1.0
8016,0,1.0
8017,1,1.0
8018,1,1.0
8019,1,1.0
8020,0,0.0
8021,1,1.0
8022,1,1.0
8023,1,1.0
8024,0,0.0
8025,1,1.0
8026,1,1.0
8027,1,1.0
8028,1,0.0
8029,0,0.0
8030,1,1.0
8031,1,1.0
8032,0,0.0
8033,1,1.0
8034,1,1.0
8035,1,1.0
8036,0,0.0
8037,1,1.0
8038,1,1.0
8039,1,1.0
8040,1,1.0
8041,0,0.0
8042,1,1.0
8043,1,0.0
8044,1,1.0
8045,1,1.0
8046,0,0.0
8047,0,0.0
8048,0,0.0
8049,1,1.0
8050,1,1.0
8051,1,1.0
8052,1,1.0
8053,1,1.0
8054,1,1.0
8055,1,1.0
8056,0,0.0
8057,1,1.0
8058,0,0.0
8059,1,1.0
8060,1,0.0
8061,1,1.0
8062,1,1.0
8063,1,1.0
8064,0,0.0
8065,1,1.0
8066,1,1.0
8067,1,1.0
8068,0,0.0
8069,1,1.0
8070,1,1.0
8071,1,1.0
8072,1,1.0
8073,0,0.0
8074,0,1.0
8075,1,1.0
8076,0,0.0
8077,1,1.0
8078,1,1.0
8079,1,1.0
8080,1,1.0
8081,1,1.0
8082,1,1.0
8083,0,1.0
8084,1,1.0
8085,0,0.0
8086,1,1.0
8087,1,1.0
8088,0,1.0
8089,1,1.0
8090,0,1.0
8091,1,0.0
8092,1,0.0
8093,1,1.0
8094,1,1.0
8095,1,1.0
8096,1,1.0
8097,1,1.0
8098,0,0.0
8099,1,1.0
8100,1,1.0
8101,1,1.0
8102,1,1.0
8103,0,0.0
8104,1,1.0
8105,1,1.0
8106,1,1.0
8107,1,1.0
8108,0,1.0
8109,1,1.0
8110,1,1.0
8111,1,1.0
8112,1,1.0
8113,1,1.0
8114,1,1.0
8115,0,0.0
8116,0,1.0
8117,0,1.0
8118,1,1.0
8119,0,1.0
8120,1,1.0
8121,1,1.0
8122,0,0.0
8123,0,1.0
8124,1,1.0
8125,0,0.0
8126,1,1.0
8127,1,1.0
8128,1,1.0
8129,1,1.0
8130,0,1.0
8131,1,1.0
8132,1,1.0
8133,0,0.0
8134,0,1.0
8135,1,1.0
8136,0,1.0
8137,1,1.0
8138,1,1.0
8139,0,1.0
8140,1,0.0
8141,1,1.0
8142,1,1.0
8143,1,1.0
8144,0,1.0
8145,1,1.0
8146,1,1.0
8147,1,1.0
8148,1,1.0
8149,0,1.0
8150,1,1.0
8151,1,1.0
8152,0,0.0
8153,1,1.0
8154,1,1.0
8155,0,1.0
8156,1,1.0
8157,1,0.0
8158,1,1.0
8159,0,1.0
8160,0,1.0
8161,1,1.0
8162,1,1.0
8163,1,1.0
8164,0,0.0
8165,1,0.0
8166,0,1.0
8167,0,0.0
8168,0,0.0
8169,1,1.0
8170,1,1.0
8171,0,0.0
8172,0,1.0
8173,1,1.0
8174,1,1.0
8175,1,1.0
8176,1,1.0
8177,1,1.0
8178,1,1.0
8179,1,1.0
8180,1,1.0
8181,0,1.0
8182,1,1.0
8183,1,1.0
8184,1,1.0
8185,0,1.0
8186,0,0.0
8187,1,1.0
8188,1,1.0
8189,0,1.0
8190,1,1.0
8191,0,0.0
8192,1,1.0
8193,1,1.0
8194,0,0.0
8195,0,0.0
8196,1,1.0
8197,1,1.0
8198,1,1.0
8199,1,0.0
8200,1,1.0
8201,1,1.0
8202,1,1.0
8203,1,1.0
8204,1,1.0
8205,1,1.0
8206,1,1.0
8207,1,1.0
8208,0,0.0
8209,0,0.0
8210,0,1.0
8211,1,1.0
8212,1,1.0
8213,1,1.0
8214,1,1.0
8215,1,1.0
8216,0,0.0
8217,1,0.0
8218,1,1.0
8219,1,1.0
8220,0,1.0
8221,1,1.0
8222,1,1.0
8223,0,1.0
8224,1,1.0
8225,1,1.0
8226,1,1.0
8227,0,1.0
8228,1,1.0
8229,1,1.0
8230,1,1.0
8231,0,0.0
8232,1,0.0
8233,0,1.0
8234,0,0.0
8235,1,1.0
8236,0,0.0
8237,1,1.0
8238,1,1.0
8239,0,1.0
8240,1,1.0
8241,0,1.0
8242,0,0.0
8243,0,1.0
8244,1,1.0
8245,1,1.0
8246,1,1.0
8247,0,1.0
8248,1,1.0
8249,1,1.0
8250,1,1.0
8251,0,0.0
8252,1,1.0
8253,1,1.0
8254,1,1.0
8255,1,1.0
8256,1,1.0
8257,1,1.0
8258,0,0.0
8259,1,1.0
8260,0,1.0
8261,1,1.0
8262,1,0.0
8263,1,1.0
8264,1,1.0
8265,0,1.0
8266,1,1.0
8267,0,0.0
8268,1,1.0
8269,1,1.0
8270,0,1.0
8271,1,1.0
8272,1,1.0
8273,1,1.0
8274,1,1.0
8275,1,1.0
8276,0,0.0
8277,1,1.0
8278,1,1.0
8279,1,1.0
8280,0,0.0
8281,1,1.0
8282,0,1.0
8283,1,0.0
8284,0,0.0
8285,1,1.0
8286,1,1.0
8287,1,1.0
8288,1,1.0
8289,1,1.0
8290,0,0.0
8291,1,0.0
8292,1,1.0
8293,1,1.0
8294,1,1.0
8295,1,1.0
8296,0,1.0
8297,0,0.0
8298,0,0.0
8299,0,1.0
8300,1,1.0
8301,0,0.0
8302,1,1.0
8303,0,0.0
8304,1,1.0
8305,0,0.0
8306,1,1.0
8307,1,0.0
8308,0,1.0
8309,0,0.0
8310,0,0.0
8311,1,1.0
8312,1,1.0
8313,1,1.0
8314,0,0.0
8315,1,1.0
8316,0,0.0
8317,1,1.0
8318,1,1.0
8319,1,1.0
8320,0,1.0
8321,1,1.0
8322,0,0.0
8323,1,1.0
8324,1,1.0
8325,1,1.0
8326,0,0.0
8327,1,1.0
8328,1,1.0
8329,1,1.0
8330,0,0.0
8331,1,1.0
8332,0,1.0
8333,0,1.0
8334,1,1.0
8335,1,1.0
8336,1,1.0
8337,0,0.0
8338,1,1.0
8339,1,1.0
8340,1,1.0
8341,1,1.0
8342,1,1.0
8343,1,1.0
8344,1,1.0
8345,1,1.0
8346,1,1.0
8347,1,1.0
8348,1,1.0
8349,0,0.0
8350,1,1.0
8351,0,0.0
8352,1,1.0
8353,0,0.0
8354,0,0.0
8355,1,1.0
8356,1,1.0
8357,1,1.0
8358,1,1.0
8359,1,1.0
8360,1,1.0
8361,1,1.0
8362,1,1.0
8363,1,1.0
8364,1,1.0
8365,1,1.0
8366,1,1.0
8367,0,0.0
8368,1,1.0
8369,1,1.0
8370,1,1.0
8371,1,0.0
8372,1,1.0
8373,0,1.0
8374,1,1.0
8375,1,1.0
8376,0,0.0
8377,1,1.0
8378,1,1.0
8379,1,1.0
8380,1,1.0
8381,1,1.0
8382,0,1.0
8383,0,1.0
8384,1,1.0
8385,1,1.0
8386,1,1.0
8387,1,1.0
8388,1,1.0
8389,1,1.0
8390,1,1.0
8391,1,1.0
8392,1,1.0
8393,0,1.0
8394,1,1.0
8395,1,1.0
8396,1,0.0
8397,0,1.0
8398,0,0.0
8399,0,1.0
8400,1,1.0
8401,1,1.0
8402,0,1.0
8403,1,1.0
8404,1,0.0
8405,0,0.0
8406,1,1.0
8407,0,0.0
8408,0,0.0
8409,1,1.0
8410,1,1.0
8411,0,1.0
8412,0,0.0
8413,1,1.0
8414,0,0.0
8415,1,1.0
8416,0,1.0
8417,0,1.0
8418,1,1.0
8419,0,0.0
8420,0,0.0
8421,0,1.0
8422,0,0.0
8423,1,0.0
8424,1,1.0
8425,1,1.0
8426,1,1.0
8427,1,1.0
8428,1,1.0
8429,1,1.0
8430,0,1.0
8431,0,0.0
8432,0,0.0
8433,1,1.0
8434,0,1.0
8435,1,1.0
8436,1,1.0
8437,0,0.0
8438,0,1.0
8439,0,0.0
8440,1,1.0
8441,0,0.0
8442,0,0.0
8443,1,1.0
8444,0,0.0
8445,1,1.0
8446,1,1.0
8447,1,1.0
8448,0,1.0
8449,1,1.0
8450,1,1.0
8451,1,1.0
8452,1,1.0
8453,1,1.0
8454,1,0.0
8455,1,1.0
8456,1,1.0
8457,1,1.0
8458,1,1.0
8459,1,1.0
8460,1,1.0
8461,1,1.0
8462,0,0.0
8463,0,1.0
8464,1,1.0
8465,1,1.0
8466,1,1.0
8467,1,1.0
8468,1,1.0
8469,1,1.0
8470,1,0.0
8471,0,0.0
8472,1,1.0
8473,1,1.0
8474,1,1.0
8475,1,1.0
8476,0,1.0
8477,1,1.0
8478,1,1.0
8479,0,1.0
8480,1,1.0
8481,1,1.0
8482,0,0.0
8483,0,0.0
8484,0,0.0
8485,0,1.0
8486,1,1.0
8487,1,1.0
8488,1,1.0
8489,0,0.0
8490,0,1.0
8491,0,0.0
8492,1,1.0
8493,1,1.0
8494,1,1.0
8495,1,0.0
8496,0,0.0
8497,0,1.0
8498,1,1.0
8499,1,1.0
8500,0,0.0
8501,1,1.0
8502,0,1.0
8503,1,1.0
8504,1,1.0
8505,1,1.0
8506,1,0.0
8507,1,0.0
8508,1,1.0
8509,0,1.0
8510,1,1.0
8511,1,1.0
8512,1,1.0
8513,0,0.0
8514,1,1.0
8515,1,1.0
8516,0,1.0
8517,1,1.0
8518,1,1.0
8519,1,1.0
8520,1,1.0
8521,1,1.0
8522,1,1.0
8523,0,0.0
8524,1,1.0
8525,1,1.0
8526,1,0.0
8527,0,1.0
8528,1,1.0
8529,1,1.0
8530,0,1.0
8531,1,1.0
8532,1,1.0
8533,1,1.0
8534,1,1.0
8535,1,1.0
8536,1,1.0
8537,1,0.0
8538,1,1.0
8539,1,1.0
8540,0,0.0
8541,0,0.0
8542,1,1.0
8543,0,1.0
8544,1,1.0
8545,1,0.0
8546,1,0.0
8547,1,1.0
8548,1,1.0
8549,0,1.0
8550,1,1.0
8551,1,1.0
8552,0,1.0
8553,0,0.0
8554,1,1.0
8555,0,0.0
8556,0,0.0
8557,1,1.0
8558,1,1.0
8559,1,1.0
8560,1,1.0
8561,0,1.0
8562,0,0.0
8563,1,1.0
8564,0,0.0
8565,1,1.0
8566,1,1.0
8567,1,1.0
8568,0,1.0
8569,1,1.0
8570,1,1.0
8571,1,1.0
8572,1,1.0
8573,1,1.0
8574,1,1.0
8575,1,1.0
8576,1,1.0
8577,0,1.0
8578,1,1.0
8579,1,1.0
8580,1,1.0
8581,1,1.0
8582,1,1.0
8583,1,1.0
8584,1,1.0
8585,0,0.0
8586,1,1.0
8587,1,1.0
8588,0,1.0
8589,1,0.0
8590,1,1.0
8591,0,0.0
8592,0,1.0
8593,1,1.0
8594,1,1.0
8595,0,1.0
8596,0,0.0
8597,1,1.0
8598,1,1.0
8599,1,1.0
8600,1,1.0
8601,1,1.0
8602,1,1.0
8603,1,1.0
8604,0,1.0
8605,0,0.0
8606,1,1.0
8607,0,0.0
8608,1,1.0
8609,0,0.0
8610,1,1.0
8611,1,1.0
8612,1,1.0
8613,1,1.0
8614,0,0.0
8615,1,1.0
8616,1,1.0
8617,0,0.0
8618,0,1.0
8619,0,1.0
8620,1,0.0
8621,1,1.0
8622,0,1.0
8623,1,1.0
8624,1,1.0
8625,0,0.0
8626,1,1.0
8627,0,1.0
8628,1,1.0
8629,1,0.0
8630,0,1.0
8631,1,1.0
8632,0,0.0
8633,1,1.0
8634,1,1.0
8635,1,1.0
8636,1,0.0
8637,1,1.0
8638,1,1.0
8639,1,1.0
8640,1,1.0
8641,1,1.0
8642,0,1.0
8643,1,1.0
8644,0,0.0
8645,0,0.0
8646,1,1.0
8647,1,1.0
8648,0,0.0
8649,1,1.0
8650,1,1.0
8651,1,1.0
8652,1,1.0
8653,1,1.0
8654,1,1.0
8655,1,0.0
8656,1,1.0
8657,1,1.0
8658,0,1.0
8659,0,1.0
8660,1,1.0
8661,1,1.0
8662,0,0.0
8663,1,1.0
8664,1,1.0
8665,1,0.0
8666,1,1.0
8667,1,1.0
8668,0,1.0
8669,0,1.0
8670,0,0.0
8671,1,1.0
8672,1,1.0
8673,1,1.0
8674,1,1.0
8675,1,1.0
8676,1,1.0
8677,1,1.0
8678,1,1.0
8679,1,1.0
8680,1,0.0
8681,0,1.0
8682,1,1.0
8683,1,1.0
8684,1,0.0
8685,1,1.0
8686,1,1.0
8687,0,0.0
8688,1,1.0
8689,0,0.0
8690,0,1.0
8691,1,1.0
8692,1,1.0
8693,1,0.0
8694,1,1.0
8695,0,1.0
8696,1,1.0
8697,0,0.0
8698,1,1.0
8699,1,1.0
8700,1,0.0
8701,1,1.0
8702,1,1.0
8703,1,1.0
8704,0,1.0
8705,0,1.0
8706,1,1.0
8707,0,0.0
8708,1,1.0
8709,1,1.0
8710,1,1.0
8711,1,1.0
8712,1,1.0
8713,0,0.0
8714,0,1.0
8715,1,1.0
8716,1,1.0
8717,0,1.0
8718,0,1.0
8719,1,1.0
8720,0,1.0
8721,0,0.0
8722,0,0.0
8723,1,1.0
8724,1,1.0
8725,1,1.0
8726,1,1.0
8727,1,1.0
8728,1,1.0
8729,1,1.0
8730,1,1.0
8731,0,0.0
8732,1,1.0
8733,1,1.0
8734,1,1.0
8735,1,1.0
8736,0,0.0
8737,0,0.0
8738,1,1.0
8739,0,0.0
8740,1,1.0
8741,1,1.0
8742,0,0.0
8743,1,1.0
8744,1,1.0
8745,1,1.0
8746,1,0.0
8747,1,1.0
8748,0,0.0
8749,1,1.0
8750,1,1.0
8751,0,0.0
8752,1,1.0
8753,1,1.0
8754,1,1.0
8755,0,1.0
8756,0,1.0
8757,0,1.0
8758,1,1.0
8759,1,1.0
8760,1,1.0
8761,1,1.0
8762,1,1.0
8763,0,0.0
8764,1,0.0
8765,1,1.0
8766,1,1.0
8767,1,0.0
8768,1,1.0
8769,1,1.0
8770,1,1.0
8771,1,1.0
8772,0,1.0
8773,1,1.0
8774,1,1.0
8775,0,0.0
8776,1,1.0
8777,1,1.0
8778,1,1.0
8779,1,1.0
8780,0,1.0
8781,1,1.0
8782,1,1.0
8783,1,1.0
8784,1,1.0
8785,1,1.0
8786,1,1.0
8787,0,0.0
8788,1,1.0
8789,1,1.0
8790,1,1.0
8791,1,1.0
8792,0,0.0
8793,1,1.0
8794,1,1.0
8795,1,1.0
8796,0,0.0
8797,1,1.0
8798,1,1.0
8799,1,1.0
8800,0,1.0
8801,0,1.0
8802,1,1.0
8803,1,1.0
8804,1,1.0
8805,1,1.0
8806,1,1.0
8807,0,1.0
8808,1,1.0
8809,0,1.0
8810,1,1.0
8811,1,1.0
8812,0,0.0
8813,1,1.0
8814,1,1.0
8815,1,1.0
8816,1,1.0
8817,0,1.0
8818,1,1.0
8819,1,1.0
8820,1,1.0
8821,1,1.0
8822,1,1.0
8823,1,1.0
8824,1,1.0
8825,0,0.0
8826,0,0.0
8827,1,1.0
8828,1,1.0
8829,0,0.0
8830,0,0.0
8831,1,1.0
8832,0,1.0
8833,0,1.0
8834,0,0.0
8835,1,1.0
8836,0,0.0
8837,1,1.0
8838,1,1.0
8839,1,1.0
8840,1,1.0
8841,1,1.0
8842,1,1.0
8843,1,1.0
8844,1,1.0
8845,0,1.0
8846,0,0.0
8847,1,1.0
8848,1,1.0
8849,0,0.0
8850,0,0.0
8851,0,1.0
8852,1,1.0
8853,0,0.0
8854,0,0.0
8855,1,1.0
8856,1,1.0
8857,1,1.0
8858,1,1.0
8859,1,1.0
8860,0,1.0
8861,1,1.0
8862,1,1.0
8863,1,1.0
8864,1,1.0
8865,1,1.0
8866,0,1.0
8867,1,1.0
8868,0,1.0
8869,1,1.0
8870,1,1.0
8871,0,0.0
8872,1,1.0
8873,1,1.0
8874,0,1.0
8875,1,1.0
8876,1,1.0
8877,0,1.0
8878,1,0.0
8879,0,1.0
8880,1,1.0
8881,0,0.0
8882,0,1.0
8883,1,1.0
8884,1,1.0
8885,0,1.0
8886,1,1.0
8887,1,0.0
8888,1,0.0
8889,0,1.0
8890,1,1.0
8891,1,1.0
8892,0,1.0
8893,1,1.0
8894,1,1.0
8895,1,1.0
8896,1,1.0
8897,0,0.0
8898,1,1.0
8899,0,0.0
8900,0,1.0
8901,1,1.0
8902,0,0.0
8903,0,0.0
8904,1,1.0
8905,0,1.0
8906,0,0.0
8907,1,1.0
8908,0,0.0
8909,1,1.0
8910,1,1.0
8911,1,1.0
8912,1,1.0
8913,0,0.0
8914,0,0.0
8915,1,1.0
8916,1,1.0
8917,1,1.0
8918,0,0.0
8919,1,1.0
8920,0,1.0
8921,0,0.0
8922,1,1.0
8923,1,0.0
8924,0,0.0
8925,1,1.0
8926,1,1.0
8927,0,1.0
8928,1,1.0
8929,1,0.0
8930,1,1.0
8931,1,1.0
8932,1,1.0
8933,1,1.0
8934,0,0.0
8935,0,1.0
8936,1,1.0
8937,1,1.0
8938,0,1.0
8939,1,1.0
8940,0,1.0
8941,1,1.0
8942,1,0.0
8943,0,0.0
8944,0,0.0
8945,0,1.0
8946,1,1.0
8947,0,1.0
8948,1,1.0
8949,0,0.0
8950,0,0.0
8951,1,0.0
8952,1,1.0
8953,1,1.0
8954,1,1.0
8955,1,1.0
8956,1,1.0
8957,1,1.0
8958,0,1.0
8959,1,1.0
8960,1,1.0
8961,1,1.0
8962,1,1.0
8963,1,1.0
8964,1,1.0
8965,1,1.0
8966,1,1.0
8967,1,1.0
8968,1,1.0
8969,1,1.0
8970,1,1.0
8971,1,1.0
8972,0,0.0
8973,1,1.0
8974,1,1.0
8975,0,0.0
8976,1,1.0
8977,1,1.0
8978,1,1.0
8979,0,0.0
8980,0,0.0
8981,1,1.0
8982,0,1.0
8983,1,1.0
8984,0,1.0
8985,0,0.0
8986,1,1.0
8987,0,0.0
8988,1,1.0
8989,1,1.0
8990,1,1.0
8991,1,1.0
8992,1,1.0
8993,1,1.0
8994,1,1.0
8995,1,1.0
8996,0,0.0
8997,0,0.0
8998,1,1.0
8999,1,1.0
9000,1,1.0
9001,1,1.0
9002,0,0.0
9003,1,1.0
9004,1,1.0
9005,1,1.0
9006,1,1.0
9007,0,1.0
9008,0,0.0
9009,1,1.0
9010,0,1.0
9011,1,1.0
9012,0,1.0
9013,0,0.0
9014,1,1.0
9015,1,1.0
9016,1,1.0
9017,0,0.0
9018,1,1.0
9019,1,1.0
9020,1,1.0
9021,1,1.0
9022,1,1.0
9023,0,1.0
9024,1,1.0
9025,1,1.0
9026,1,1.0
9027,1,1.0
9028,1,1.0
9029,0,0.0
9030,1,1.0
9031,1,1.0
9032,1,1.0
9033,1,1.0
9034,1,1.0
9035,1,1.0
9036,0,0.0
9037,0,1.0
9038,0,0.0
9039,1,1.0
9040,1,1.0
9041,1,0.0
9042,0,0.0
9043,1,1.0
9044,1,1.0
9045,1,1.0
9046,1,1.0
9047,1,1.0
9048,1,1.0
9049,0,0.0
9050,1,1.0
9051,1,1.0
9052,0,0.0
9053,0,0.0
9054,0,1.0
9055,0,0.0
9056,1,1.0
9057,1,1.0
9058,1,1.0
9059,1,1.0
9060,1,0.0
9061,1,1.0
9062,1,1.0
9063,1,1.0
9064,1,1.0
9065,0,1.0
9066,1,1.0
9067,1,1.0
9068,1,1.0
9069,1,1.0
9070,1,1.0
9071,1,1.0
9072,1,1.0
9073,0,0.0
9074,1,1.0
9075,1,0.0
9076,1,1.0
9077,0,0.0
9078,1,0.0
9079,0,0.0
9080,1,1.0
9081,1,1.0
9082,1,1.0
9083,1,1.0
9084,1,1.0
9085,1,1.0
9086,1,1.0
9087,1,1.0
9088,0,1.0
9089,1,1.0
9090,1,1.0
9091,1,1.0
9092,1,1.0
9093,1,1.0
9094,1,1.0
9095,0,1.0
9096,1,1.0
9097,0,0.0
9098,1,1.0
9099,1,1.0
9100,1,1.0
9101,1,1.0
9102,1,1.0
9103,1,1.0
9104,0,0.0
9105,1,1.0
9106,1,1.0
9107,0,1.0
9108,1,1.0
9109,0,0.0
9110,1,1.0
9111,1,1.0
9112,1,1.0
9113,1,1.0
9114,1,1.0
9115,1,1.0
9116,1,1.0
9117,1,1.0
9118,1,1.0
9119,1,1.0
9120,1,1.0
9121,1,1.0
9122,1,1.0
9123,1,1.0
9124,1,1.0
9125,0,1.0
9126,1,1.0
9127,0,1.0
9128,0,1.0
9129,1,1.0
9130,1,1.0
9131,1,1.0
9132,1,1.0
9133,0,1.0
9134,0,0.0
9135,1,1.0
9136,1,1.0
9137,1,1.0
9138,1,1.0
9139,1,1.0
9140,1,1.0
9141,1,1.0
9142,1,1.0
9143,0,1.0
9144,1,1.0
9145,1,1.0
9146,1,1.0
9147,0,0.0
9148,1,1.0
9149,0,1.0
9150,0,1.0
9151,1,1.0
9152,1,1.0
9153,1,1.0
9154,0,0.0
9155,1,1.0
9156,0,1.0
9157,1,1.0
9158,0,0.0
9159,1,1.0
9160,1,1.0
9161,0,0.0
9162,0,0.0
9163,1,1.0
9164,1,1.0
9165,1,1.0
9166,1,1.0
9167,1,1.0
9168,0,0.0
9169,0,0.0
9170,1,1.0
9171,1,1.0
9172,1,1.0
9173,1,1.0
9174,0,1.0
9175,1,1.0
9176,1,1.0
9177,1,1.0
9178,1,1.0
9179,1,1.0
9180,0,0.0
9181,1,1.0
9182,1,1.0
9183,1,1.0
9184,1,1.0
9185,1,0.0
9186,1,0.0
9187,1,1.0
9188,1,1.0
9189,1,0.0
9190,1,1.0
9191,1,1.0
9192,1,1.0
9193,1,1.0
9194,0,0.0
9195,1,1.0
9196,1,1.0
9197,1,1.0
9198,1,1.0
9199,0,0.0
9200,0,0.0
9201,1,1.0
9202,0,1.0
9203,1,1.0
9204,1,1.0
9205,0,1.0
9206,0,0.0
9207,1,1.0
9208,1,1.0
9209,0,1.0
9210,1,1.0
9211,1,1.0
9212,1,1.0
9213,1,1.0
9214,0,1.0
9215,0,0.0
9216,0,0.0
9217,1,0.0
9218,1,1.0
9219,1,1.0
9220,0,0.0
9221,1,1.0
9222,1,1.0
9223,1,1.0
9224,1,1.0
9225,1,1.0
9226,1,1.0
9227,1,1.0
9228,1,1.0
9229,1,1.0
9230,1,0.0
9231,1,1.0
9232,1,1.0
9233,0,1.0
9234,1,1.0
9235,1,0.0
9236,0,1.0
9237,1,1.0
9238,1,1.0
9239,1,1.0
9240,1,1.0
9241,0,0.0
9242,1,0.0
9243,1,1.0
9244,1,1.0
9245,1,1.0
9246,1,1.0
9247,1,1.0
9248,1,0.0
9249,1,1.0
9250,1,1.0
9251,1,1.0
9252,1,1.0
9253,1,1.0
9254,0,0.0
9255,1,1.0
9256,1,1.0
9257,1,1.0
9258,1,1.0
9259,1,1.0
9260,1,1.0
9261,0,1.0
9262,0,0.0
9263,1,1.0
9264,1,1.0
9265,1,1.0
9266,1,1.0
9267,1,1.0
9268,0,0.0
9269,1,1.0
9270,1,1.0
9271,0,0.0
9272,1,0.0
9273,1,1.0
9274,1,1.0
9275,1,1.0
9276,0,1.0
9277,0,1.0
9278,1,1.0
9279,1,1.0
9280,1,1.0
9281,1,1.0
9282,0,0.0
9283,1,1.0
9284,0,0.0
9285,1,1.0
9286,1,1.0
9287,1,1.0
9288,0,0.0
9289,0,0.0
9290,1,1.0
9291,0,1.0
9292,1,1.0
9293,1,1.0
9294,1,1.0
9295,0,1.0
9296,1,1.0
9297,1,1.0
9298,1,1.0
9299,1,1.0
9300,0,0.0
9301,1,1.0
9302,1,1.0
9303,1,1.0
9304,1,1.0
9305,0,0.0
9306,1,1.0
9307,1,1.0
9308,1,1.0
9309,1,1.0
9310,1,1.0
9311,0,0.0
9312,1,1.0
9313,0,0.0
9314,1,1.0
9315,1,1.0
9316,1,1.0
9317,1,1.0
9318,1,1.0
9319,0,1.0
9320,1,1.0
9321,1,0.0
9322,0,0.0
9323,1,1.0
9324,0,0.0
9325,1,0.0
9326,1,0.0
9327,1,1.0
9328,1,1.0
9329,1,1.0
9330,1,0.0
9331,0,0.0
9332,0,0.0
9333,1,1.0
9334,0,0.0
9335,1,1.0
9336,0,1.0
9337,0,1.0
9338,1,1.0
9339,1,1.0
9340,1,1.0
9341,1,1.0
9342,1,1.0
9343,1,1.0
9344,1,1.0
9345,0,0.0
9346,0,1.0
9347,0,0.0
9348,1,1.0
9349,1,1.0
9350,1,1.0
9351,1,1.0
9352,1,1.0
9353,0,1.0
9354,1,1.0
9355,0,0.0
9356,0,0.0
9357,1,1.0
9358,0,1.0
9359,1,1.0
9360,1,1.0
9361,0,1.0
9362,0,1.0
9363,1,1.0
9364,1,1.0
9365,1,1.0
9366,1,1.0
9367,0,0.0
9368,1,1.0
9369,1,1.0
9370,0,0.0
9371,0,1.0
9372,1,1.0
9373,1,1.0
9374,0,0.0
9375,0,1.0
9376,1,1.0
9377,1,1.0
9378,1,0.0
9379,1,1.0
9380,1,1.0
9381,0,1.0
9382,0,1.0
9383,1,1.0
9384,1,1.0
9385,0,0.0
9386,1,1.0
9387,1,1.0
9388,0,1.0
9389,1,1.0
9390,0,0.0
9391,1,1.0
9392,0,0.0
9393,1,1.0
9394,0,1.0
9395,1,1.0
9396,1,1.0
9397,1,1.0
9398,0,1.0
9399,0,0.0
9400,1,1.0
9401,1,1.0
9402,1,1.0
9403,1,1.0
9404,0,0.0
9405,1,1.0
9406,1,1.0
9407,1,1.0
9408,1,1.0
9409,1,1.0
9410,0,0.0
9411,1,1.0
9412,1,1.0
9413,1,1.0
9414,0,0.0
9415,1,1.0
9416,1,1.0
9417,1,1.0
9418,1,1.0
9419,0,0.0
9420,1,1.0
9421,1,1.0
9422,1,1.0
9423,1,1.0
9424,1,1.0
9425,1,1.0
9426,0,1.0
9427,1,1.0
9428,1,1.0
9429,1,0.0
9430,1,1.0
9431,1,1.0
9432,1,1.0
9433,1,1.0
9434,1,1.0
9435,0,1.0
9436,0,0.0
9437,1,1.0
9438,1,1.0
9439,1,1.0
9440,1,1.0
9441,1,1.0
9442,1,1.0
9443,1,1.0
9444,1,1.0
9445,0,0.0
9446,1,1.0
9447,0,1.0
9448,1,1.0
9449,1,1.0
9450,1,1.0
9451,0,0.0
9452,1,1.0
9453,0,0.0
9454,1,1.0
9455,1,1.0
9456,1,1.0
9457,1,1.0
9458,0,0.0
9459,1,1.0
9460,1,1.0
9461,0,0.0
9462,1,1.0
9463,1,1.0
9464,1,1.0
9465,1,1.0
9466,0,0.0
9467,1,1.0
9468,1,1.0
9469,1,1.0
9470,0,1.0
9471,1,1.0
9472,1,1.0
9473,1,0.0
9474,1,1.0
9475,0,0.0
9476,1,1.0
9477,0,1.0
9478,1,1.0
9479,0,0.0
9480,1,1.0
9481,0,0.0
9482,1,1.0
9483,0,1.0
9484,1,1.0
9485,0,0.0
9486,1,1.0
9487,1,1.0
9488,1,1.0
9489,1,1.0
9490,1,1.0
9491,1,1.0
9492,1,1.0
9493,0,0.0
9494,1,1.0
9495,1,1.0
9496,1,1.0
9497,1,1.0
9498,0,0.0
9499,0,1.0
9500,1,1.0
9501,1,1.0
9502,1,1.0
9503,0,0.0
9504,1,1.0
9505,1,1.0
9506,1,1.0
9507,1,1.0
9508,1,0.0
9509,1,1.0
9510,0,0.0
9511,1,1.0
9512,1,1.0
9513,1,1.0
9514,1,1.0
9515,1,1.0
9516,1,1.0
9517,1,1.0
9518,1,1.0
9519,1,1.0
9520,1,0.0
9521,1,1.0
9522,1,1.0
9523,1,1.0
9524,0,0.0
9525,1,1.0
9526,1,1.0
9527,0,1.0
9528,0,0.0
9529,1,1.0
9530,0,0.0
9531,1,1.0
9532,0,1.0
9533,1,1.0
9534,0,0.0
9535,0,0.0
9536,1,1.0
9537,1,1.0
9538,0,1.0
9539,1,1.0
9540,1,1.0
9541,1,1.0
9542,0,1.0
9543,0,1.0
9544,1,1.0
9545,0,1.0
9546,1,1.0
9547,1,1.0
9548,1,1.0
9549,0,0.0
9550,1,1.0
9551,0,1.0
9552,0,0.0
9553,0,1.0
9554,1,1.0
9555,1,1.0
9556,0,0.0
9557,1,1.0
9558,1,1.0
9559,0,0.0
9560,1,1.0
9561,0,1.0
9562,1,1.0
9563,1,0.0
9564,1,1.0
9565,1,0.0
9566,1,1.0
9567,1,1.0
9568,0,1.0
9569,1,1.0
9570,1,1.0
9571,0,0.0
9572,0,1.0
9573,0,1.0
9574,1,1.0
9575,0,1.0
9576,0,1.0
9577,0,1.0
9578,0,1.0
9579,0,0.0
9580,1,1.0
9581,0,0.0
9582,1,1.0
9583,0,1.0
9584,1,1.0
9585,0,1.0
9586,1,1.0
9587,1,1.0
9588,1,0.0
9589,0,1.0
9590,1,1.0
9591,1,1.0
9592,0,0.0
9593,0,0.0
9594,0,1.0
9595,1,0.0
9596,1,0.0
9597,0,1.0
9598,1,0.0
9599,1,1.0
9600,1,1.0
9601,1,1.0
9602,0,1.0
9603,1,1.0
9604,1,1.0
9605,1,1.0
9606,1,1.0
9607,1,1.0
9608,1,1.0
9609,0,0.0
9610,0,0.0
9611,1,1.0
9612,0,0.0
9613,1,1.0
9614,0,0.0
9615,1,1.0
9616,1,1.0
9617,1,1.0
9618,1,1.0
9619,0,0.0
9620,1,0.0
9621,1,1.0
9622,1,1.0
9623,0,0.0
9624,1,1.0
9625,0,0.0
9626,1,1.0
9627,0,0.0
9628,0,0.0
9629,1,1.0
9630,1,1.0
9631,1,1.0
9632,0,0.0
9633,0,0.0
9634,1,1.0
9635,0,1.0
9636,1,1.0
9637,1,1.0
9638,1,1.0
9639,1,1.0
9640,0,1.0
9641,1,0.0
9642,1,1.0
9643,1,1.0
9644,1,1.0
9645,0,1.0
9646,1,1.0
9647,0,1.0
9648,1,1.0
9649,0,1.0
9650,1,1.0
9651,1,0.0
9652,1,1.0
9653,0,0.0
9654,1,1.0
9655,1,1.0
9656,1,1.0
9657,0,1.0
9658,1,1.0
9659,1,1.0
9660,1,1.0
9661,1,1.0
9662,1,1.0
9663,0,1.0
9664,1,1.0
9665,1,1.0
9666,1,1.0
9667,0,0.0
9668,1,1.0
9669,1,1.0
9670,1,1.0
9671,1,1.0
9672,1,1.0
9673,1,0.0
9674,1,0.0
9675,1,0.0
9676,0,0.0
9677,1,0.0
9678,1,1.0
9679,0,1.0
9680,0,1.0
9681,1,1.0
9682,1,1.0
9683,1,1.0
9684,0,0.0
9685,1,1.0
9686,1,0.0
9687,1,1.0
9688,0,0.0
9689,0,0.0
9690,1,1.0
9691,0,1.0
9692,1,1.0
9693,1,1.0
9694,0,0.0
9695,0,1.0
9696,1,1.0
9697,1,1.0
9698,0,0.0
9699,1,0.0
9700,0,1.0
9701,0,0.0
9702,1,1.0
9703,1,1.0
9704,1,1.0
9705,1,1.0
9706,1,1.0
9707,1,1.0
9708,1,1.0
9709,0,0.0
9710,0,0.0
9711,1,1.0
9712,1,1.0
9713,1,1.0
9714,0,1.0
9715,1,1.0
9716,0,0.0
9717,0,1.0
9718,0,0.0
9719,1,1.0
9720,0,1.0
9721,1,1.0
9722,1,1.0
9723,0,1.0
9724,1,1.0
9725,0,0.0
9726,0,0.0
9727,1,1.0
9728,0,1.0
9729,1,1.0
9730,0,1.0
9731,1,0.0
9732,1,1.0
9733,1,1.0
9734,0,1.0
9735,1,0.0
9736,1,1.0
9737,1,1.0
9738,1,1.0
9739,0,1.0
9740,1,1.0
9741,1,1.0
9742,0,0.0
9743,1,1.0
9744,0,0.0
9745,1,1.0
9746,1,1.0
9747,1,1.0
9748,1,1.0
9749,1,1.0
9750,1,1.0
9751,1,1.0
9752,1,1.0
9753,1,1.0
9754,0,0.0
9755,1,1.0
9756,1,1.0
9757,1,1.0
9758,0,0.0
9759,1,1.0
9760,1,1.0
9761,0,0.0
9762,1,1.0
9763,1,1.0
9764,1,1.0
9765,1,1.0
9766,1,1.0
9767,1,1.0
9768,1,1.0
9769,1,1.0
9770,1,1.0
9771,0,0.0
9772,1,1.0
9773,0,0.0
9774,0,1.0
9775,1,1.0
9776,1,1.0
9777,1,1.0
9778,0,1.0
9779,0,1.0
9780,1,1.0
9781,0,1.0
9782,0,0.0
9783,0,0.0
9784,1,1.0
9785,0,1.0
9786,1,1.0
9787,1,1.0
9788,1,1.0
9789,1,1.0
9790,1,1.0
9791,1,1.0
9792,1,1.0
9793,0,1.0
9794,1,1.0
9795,0,1.0
9796,0,1.0
9797,1,1.0
9798,1,1.0
9799,0,0.0
9800,1,1.0
9801,1,1.0
9802,0,0.0
9803,0,0.0
9804,1,1.0
9805,0,0.0
9806,0,0.0
9807,1,1.0
9808,1,1.0
9809,0,1.0
9810,0,1.0
9811,1,1.0
9812,1,1.0
9813,0,0.0
9814,1,1.0
9815,0,0.0
9816,0,0.0
9817,1,1.0
9818,0,0.0
9819,1,1.0
9820,1,1.0
9821,0,0.0
9822,1,1.0
9823,1,1.0
9824,1,1.0
9825,1,1.0
9826,1,1.0
9827,1,1.0
9828,1,1.0
9829,1,1.0
9830,0,1.0
9831,0,1.0
9832,1,1.0
9833,1,0.0
9834,1,1.0
9835,1,1.0
9836,1,1.0
9837,1,1.0
9838,1,0.0
9839,1,1.0
9840,0,0.0
9841,0,1.0
9842,1,1.0
9843,1,0.0
9844,1,1.0
9845,0,0.0
9846,1,1.0
9847,1,1.0
9848,1,1.0
9849,1,1.0
9850,1,1.0
9851,1,1.0
9852,1,1.0
9853,1,1.0
9854,1,1.0
9855,1,1.0
9856,1,1.0
9857,0,0.0
9858,1,1.0
9859,1,1.0
9860,1,1.0
9861,1,1.0
9862,0,0.0
9863,1,1.0
9864,1,0.0
9865,0,1.0
9866,1,1.0
9867,0,0.0
9868,1,1.0
9869,1,1.0
9870,1,1.0
9871,0,1.0
9872,1,0.0
9873,1,1.0
9874,0,1.0
9875,1,1.0
9876,1,1.0
9877,1,1.0
9878,1,1.0
9879,1,1.0
9880,1,1.0
9881,1,1.0
9882,1,1.0
9883,1,1.0
9884,1,0.0
9885,0,0.0
9886,1,1.0
9887,0,0.0
9888,1,1.0
9889,0,0.0
9890,0,1.0
9891,1,1.0
9892,1,1.0
9893,1,1.0
9894,1,1.0
9895,0,0.0
9896,1,1.0
9897,1,1.0
9898,0,1.0
9899,1,0.0
9900,1,0.0
9901,0,1.0
9902,0,1.0
9903,0,1.0
9904,0,0.0
9905,1,1.0
9906,1,1.0
9907,1,1.0
9908,1,1.0
9909,1,1.0
9910,0,0.0
9911,1,1.0
9912,1,1.0
9913,1,1.0
9914,0,1.0
9915,1,1.0
9916,0,1.0
9917,1,1.0
9918,1,1.0
9919,1,1.0
9920,1,1.0
9921,0,1.0
9922,1,1.0
9923,1,1.0
9924,0,1.0
9925,1,1.0
9926,1,1.0
9927,1,1.0
9928,0,1.0
9929,1,1.0
9930,0,0.0
9931,0,0.0
9932,0,0.0
9933,1,1.0
9934,1,1.0
9935,1,1.0
9936,1,1.0
9937,1,1.0
9938,1,1.0
9939,1,1.0
9940,1,1.0
9941,1,1.0
9942,1,1.0
9943,1,0.0
9944,1,1.0
9945,0,0.0
9946,0,1.0
9947,1,1.0
9948,0,0.0
9949,0,0.0
9950,1,1.0
9951,1,1.0
9952,1,1.0
9953,1,1.0
9954,1,1.0
9955,1,1.0
9956,1,1.0
9957,1,1.0
9958,1,1.0
9959,1,1.0
9960,0,0.0
9961,1,1.0
9962,0,1.0
9963,1,1.0
9964,0,1.0
9965,1,1.0
9966,1,1.0
9967,0,0.0
9968,1,1.0
9969,1,1.0
9970,1,1.0
9971,0,0.0
9972,0,1.0
9973,0,0.0
9974,0,1.0
9975,1,1.0
9976,0,0.0
9977,1,1.0
9978,0,1.0
9979,1,1.0
9980,1,1.0
9981,1,1.0
9982,0,1.0
9983,1,0.0
9984,1,0.0
9985,1,1.0
9986,1,1.0
9987,1,1.0
9988,1,1.0
9989,1,1.0
9990,0,1.0
9991,1,1.0
9992,1,1.0
9993,1,1.0
9994,1,1.0
9995,1,0.0
9996,1,1.0
9997,0,1.0
9998,0,0.0
9999,0,1.0
ACCURACY: 0.812727272727
