Age,AgePredicted
1,1.0
0,1.0
1,1.0
1,1.0
1,0.0
1,0.0
0,1.0
1,1.0
0,1.0
1,1.0
1,1.0
1,1.0
0,0.0
0,0.0
0,1.0
1,1.0
0,0.0
1,0.0
1,0.0
0,0.0
1,1.0
0,1.0
1,1.0
1,1.0
1,1.0
1,1.0
1,1.0
1,1.0
1,1.0
1,1.0
1,1.0
1,1.0
1,1.0
1,1.0
1,1.0
0,1.0
1,1.0
0,0.0
1,1.0
0,1.0
1,1.0
1,1.0
1,0.0
1,1.0
1,1.0
1,1.0
1,1.0
1,1.0
1,1.0
1,1.0
1,1.0
1,1.0
0,1.0
1,1.0
1,0.0
0,1.0
0,0.0
0,1.0
1,1.0
1,1.0
1,1.0
1,1.0
1,1.0
1,1.0
0,0.0
1,1.0
1,1.0
1,1.0
1,1.0
1,1.0
1,1.0
1,1.0
0,0.0
1,0.0
1,1.0
1,1.0
1,1.0
1,1.0
0,0.0
1,1.0
0,1.0
0,1.0
0,0.0
1,1.0
0,0.0
0,0.0
1,0.0
1,0.0
1,1.0
0,1.0
1,1.0
1,1.0
0,1.0
1,1.0
0,0.0
1,1.0
1,1.0
1,1.0
1,1.0
0,0.0
1,1.0
1,1.0
0,1.0
0,0.0
0,0.0
1,1.0
1,1.0
0,1.0
0,0.0
1,1.0
1,1.0
0,0.0
1,1.0
0,1.0
1,1.0
0,0.0
0,0.0
0,0.0
1,1.0
1,1.0
1,1.0
1,1.0
1,1.0
0,0.0
0,0.0
1,1.0
1,1.0
1,1.0
1,1.0
1,1.0
1,1.0
1,0.0
0,0.0
1,1.0
1,1.0
1,1.0
1,1.0
1,1.0
1,1.0
1,1.0
1,0.0
0,0.0
0,1.0
0,1.0
1,0.0
1,1.0
1,1.0
1,1.0
1,1.0
0,0.0
1,1.0
1,1.0
0,0.0
0,0.0
0,0.0
0,0.0
1,0.0
1,1.0
0,1.0
0,0.0
0,0.0
0,1.0
0,1.0
0,0.0
1,1.0
1,1.0
1,0.0
1,1.0
0,0.0
1,1.0
1,1.0
1,1.0
1,1.0
1,1.0
1,1.0
1,1.0
0,0.0
1,1.0
0,1.0
1,1.0
0,1.0
1,1.0
1,1.0
1,1.0
1,1.0
1,1.0
1,1.0
1,1.0
1,1.0
1,1.0
1,1.0
1,1.0
0,0.0
0,0.0
1,1.0
1,1.0
0,0.0
1,1.0
0,0.0
0,1.0
1,1.0
0,1.0
1,1.0
1,1.0
1,1.0
1,1.0
0,0.0
0,0.0
1,1.0
1,1.0
1,1.0
0,0.0
0,1.0
1,1.0
0,0.0
1,1.0
0,0.0
1,1.0
1,1.0
0,1.0
0,0.0
0,0.0
1,1.0
0,0.0
1,1.0
1,1.0
0,1.0
1,1.0
1,1.0
0,1.0
1,1.0
1,1.0
1,1.0
1,1.0
0,1.0
1,1.0
1,0.0
0,0.0
0,0.0
1,1.0
1,1.0
1,1.0
0,0.0
1,1.0
1,1.0
1,1.0
1,1.0
1,1.0
1,1.0
1,1.0
1,1.0
1,1.0
0,0.0
0,0.0
1,1.0
1,1.0
0,0.0
0,0.0
1,1.0
0,0.0
0,1.0
1,1.0
1,1.0
1,1.0
0,0.0
1,1.0
1,1.0
1,0.0
1,1.0
0,0.0
1,1.0
1,1.0
1,1.0
0,0.0
0,0.0
0,0.0
1,1.0
1,1.0
1,1.0
1,0.0
1,1.0
1,0.0
1,0.0
1,1.0
0,0.0
1,1.0
1,1.0
0,1.0
0,0.0
1,1.0
1,1.0
1,1.0
0,1.0
1,1.0
0,1.0
1,0.0
1,1.0
1,1.0
1,0.0
1,1.0
1,1.0
1,1.0
1,1.0
1,0.0
1,1.0
1,1.0
1,1.0
1,1.0
1,1.0
0,0.0
1,1.0
1,1.0
1,1.0
1,1.0
1,1.0
1,1.0
1,0.0
1,1.0
1,0.0
1,1.0
1,0.0
1,1.0
1,1.0
1,1.0
1,1.0
1,1.0
1,1.0
1,1.0
1,1.0
1,1.0
1,1.0
0,1.0
1,1.0
0,0.0
1,1.0
1,1.0
1,0.0
1,1.0
0,0.0
1,1.0
1,1.0
1,1.0
1,1.0
1,1.0
1,1.0
0,0.0
1,1.0
1,1.0
0,0.0
1,1.0
1,1.0
1,1.0
1,1.0
1,1.0
0,0.0
1,1.0
1,1.0
0,1.0
1,1.0
1,1.0
0,1.0
0,1.0
1,0.0
1,1.0
0,0.0
1,1.0
0,1.0
1,1.0
1,1.0
1,1.0
1,1.0
1,1.0
0,0.0
0,0.0
0,0.0
0,1.0
1,1.0
1,0.0
1,0.0
1,1.0
0,1.0
1,1.0
0,1.0
0,1.0
1,1.0
1,0.0
0,1.0
0,1.0
1,1.0
1,1.0
1,1.0
1,1.0
0,0.0
1,0.0
1,1.0
0,1.0
0,0.0
0,1.0
0,0.0
1,1.0
0,1.0
0,0.0
0,0.0
1,1.0
1,1.0
0,0.0
0,0.0
0,0.0
0,0.0
1,1.0
1,0.0
1,1.0
1,0.0
1,0.0
1,1.0
1,1.0
0,1.0
1,1.0
1,1.0
1,1.0
0,0.0
1,1.0
0,1.0
1,1.0
1,0.0
0,0.0
1,1.0
1,1.0
1,1.0
0,1.0
1,1.0
1,0.0
1,1.0
1,1.0
1,1.0
1,1.0
1,1.0
1,1.0
0,0.0
1,1.0
0,0.0
1,1.0
1,1.0
0,1.0
0,1.0
0,0.0
1,1.0
1,1.0
1,1.0
0,0.0
1,1.0
0,0.0
0,0.0
1,1.0
0,1.0
1,1.0
1,1.0
1,1.0
0,1.0
0,0.0
1,1.0
1,1.0
1,1.0
0,0.0
1,0.0
1,1.0
0,0.0
0,1.0
1,1.0
0,0.0
1,1.0
1,1.0
1,1.0
0,0.0
1,1.0
1,1.0
1,1.0
1,1.0
1,1.0
1,1.0
1,1.0
1,1.0
1,1.0
0,1.0
0,1.0
1,1.0
1,1.0
1,1.0
1,1.0
1,1.0
1,1.0
1,1.0
0,0.0
1,1.0
1,1.0
1,1.0
1,1.0
1,0.0
1,1.0
1,1.0
1,1.0
1,1.0
1,1.0
0,1.0
1,1.0
0,0.0
0,0.0
1,1.0
0,0.0
1,1.0
1,1.0
1,1.0
1,1.0
0,1.0
0,1.0
0,0.0
1,1.0
1,1.0
1,1.0
0,1.0
1,1.0
1,1.0
1,1.0
1,1.0
0,1.0
1,1.0
1,1.0
1,1.0
1,1.0
1,1.0
1,0.0
0,0.0
1,1.0
1,1.0
0,0.0
1,0.0
0,0.0
0,0.0
1,1.0
1,1.0
0,1.0
1,1.0
0,0.0
1,1.0
1,1.0
1,1.0
0,0.0
1,0.0
0,0.0
1,1.0
1,1.0
1,1.0
0,1.0
1,1.0
0,0.0
0,0.0
1,1.0
0,0.0
1,1.0
1,0.0
0,0.0
1,0.0
0,0.0
1,1.0
0,0.0
0,0.0
1,1.0
1,1.0
1,1.0
1,0.0
0,0.0
0,0.0
0,1.0
1,1.0
0,0.0
1,1.0
0,1.0
1,0.0
0,0.0
1,1.0
1,1.0
0,0.0
1,1.0
1,1.0
0,0.0
1,1.0
1,1.0
1,1.0
1,1.0
1,1.0
0,0.0
1,1.0
1,0.0
0,0.0
1,1.0
1,1.0
1,1.0
1,1.0
1,1.0
0,0.0
0,0.0
1,1.0
0,0.0
1,0.0
0,1.0
0,0.0
0,0.0
1,0.0
1,1.0
0,0.0
0,1.0
0,1.0
0,1.0
0,1.0
1,1.0
1,1.0
1,1.0
1,1.0
0,0.0
0,0.0
1,1.0
1,1.0
0,0.0
1,1.0
0,1.0
1,1.0
1,1.0
1,1.0
0,1.0
1,1.0
0,0.0
1,1.0
0,1.0
1,1.0
1,1.0
1,1.0
1,1.0
1,1.0
1,1.0
0,1.0
1,1.0
1,1.0
1,0.0
1,1.0
0,0.0
1,1.0
1,1.0
1,1.0
0,0.0
0,0.0
1,1.0
1,1.0
1,0.0
1,1.0
0,0.0
0,1.0
0,0.0
1,1.0
1,1.0
1,1.0
0,0.0
0,0.0
1,1.0
1,0.0
1,0.0
1,1.0
1,1.0
0,1.0
1,1.0
1,1.0
0,0.0
1,1.0
1,1.0
0,1.0
1,1.0
1,0.0
0,0.0
1,1.0
1,1.0
1,1.0
1,1.0
1,1.0
0,1.0
1,1.0
1,1.0
1,1.0
0,1.0
1,1.0
0,0.0
1,1.0
0,1.0
1,1.0
0,1.0
1,1.0
1,1.0
1,1.0
0,0.0
1,1.0
1,1.0
0,0.0
1,1.0
1,1.0
1,0.0
0,1.0
1,1.0
1,1.0
1,1.0
1,0.0
1,1.0
0,0.0
1,1.0
1,1.0
1,1.0
0,1.0
1,1.0
1,1.0
1,1.0
1,1.0
0,1.0
0,1.0
1,1.0
1,0.0
1,1.0
1,1.0
1,1.0
0,0.0
1,1.0
0,0.0
1,0.0
1,1.0
0,0.0
1,1.0
0,1.0
0,1.0
1,1.0
1,1.0
1,1.0
1,1.0
1,1.0
1,1.0
1,1.0
1,1.0
1,1.0
0,0.0
0,1.0
0,0.0
1,1.0
1,0.0
1,1.0
1,1.0
1,1.0
1,1.0
1,1.0
1,1.0
0,1.0
1,1.0
1,1.0
0,0.0
1,1.0
1,1.0
1,1.0
0,1.0
0,1.0
0,1.0
1,1.0
0,1.0
1,1.0
0,1.0
1,1.0
0,1.0
1,1.0
1,1.0
1,1.0
0,1.0
1,1.0
1,1.0
1,1.0
0,1.0
0,1.0
1,1.0
1,1.0
1,1.0
1,0.0
1,1.0
1,1.0
1,1.0
1,0.0
0,0.0
0,0.0
1,1.0
0,0.0
0,1.0
1,1.0
0,1.0
1,0.0
0,0.0
0,1.0
0,1.0
1,0.0
1,1.0
1,1.0
0,0.0
1,1.0
1,1.0
1,1.0
1,1.0
1,1.0
1,1.0
0,1.0
0,0.0
0,1.0
1,1.0
0,1.0
1,1.0
0,0.0
1,1.0
0,1.0
0,1.0
1,1.0
1,1.0
1,1.0
0,1.0
1,1.0
0,1.0
1,1.0
1,1.0
0,1.0
1,0.0
1,1.0
0,0.0
1,1.0
1,1.0
0,0.0
0,0.0
1,1.0
1,1.0
1,1.0
1,1.0
0,1.0
1,1.0
0,0.0
0,0.0
0,1.0
1,1.0
1,1.0
1,1.0
1,1.0
1,1.0
1,1.0
1,0.0
1,1.0
1,1.0
1,1.0
1,1.0
1,1.0
1,1.0
1,1.0
1,1.0
0,0.0
1,0.0
1,1.0
1,1.0
1,1.0
1,1.0
1,1.0
1,1.0
1,0.0
1,1.0
0,0.0
1,0.0
1,1.0
1,0.0
0,0.0
1,1.0
0,1.0
1,1.0
1,1.0
1,1.0
0,0.0
0,0.0
0,0.0
1,1.0
1,1.0
0,1.0
1,0.0
1,1.0
1,1.0
1,1.0
0,1.0
1,1.0
1,1.0
1,0.0
1,1.0
1,1.0
0,0.0
1,1.0
1,1.0
1,1.0
1,0.0
0,0.0
1,1.0
1,1.0
0,1.0
1,1.0
0,0.0
1,0.0
1,0.0
0,1.0
1,1.0
1,1.0
1,1.0
1,1.0
1,0.0
1,1.0
0,0.0
1,1.0
1,1.0
1,1.0
1,0.0
0,1.0
1,1.0
1,1.0
1,0.0
1,1.0
1,1.0
1,1.0
1,1.0
1,1.0
1,1.0
1,1.0
0,0.0
1,1.0
1,0.0
1,1.0
0,0.0
1,0.0
1,1.0
1,1.0
0,0.0
0,1.0
0,0.0
1,1.0
0,0.0
0,1.0
1,1.0
1,1.0
1,1.0
1,1.0
0,0.0
1,1.0
1,1.0
1,1.0
1,1.0
0,0.0
0,1.0
1,1.0
1,1.0
1,1.0
0,0.0
0,0.0
0,1.0
1,1.0
1,1.0
0,1.0
1,1.0
1,1.0
1,0.0
0,0.0
0,1.0
1,1.0
1,1.0
1,1.0
1,1.0
1,1.0
0,0.0
1,1.0
1,0.0
1,1.0
1,1.0
0,0.0
1,1.0
0,1.0
1,1.0
0,1.0
1,1.0
1,1.0
0,1.0
1,1.0
1,1.0
1,1.0
0,0.0
1,1.0
1,1.0
0,1.0
1,1.0
0,0.0
1,1.0
1,1.0
0,0.0
1,1.0
1,1.0
1,1.0
1,1.0
1,1.0
1,1.0
0,0.0
1,1.0
1,1.0
1,1.0
0,0.0
0,0.0
1,1.0
1,1.0
1,1.0
0,0.0
1,1.0
0,1.0
1,1.0
1,1.0
1,1.0
0,1.0
1,1.0
0,0.0
1,1.0
1,1.0
1,1.0
0,0.0
1,1.0
1,1.0
1,1.0
1,1.0
1,1.0
1,0.0
1,1.0
1,1.0
1,1.0
0,1.0
1,1.0
0,0.0
1,1.0
1,0.0
0,1.0
1,1.0
1,1.0
1,1.0
1,1.0
0,0.0
0,0.0
1,1.0
1,1.0
1,1.0
0,1.0
0,0.0
1,1.0
1,1.0
0,0.0
1,1.0
1,1.0
1,1.0
1,1.0
0,0.0
0,0.0
1,1.0
0,0.0
1,1.0
0,1.0
1,1.0
0,1.0
1,1.0
0,0.0
0,1.0
0,0.0
1,1.0
1,1.0
1,1.0
0,0.0
0,0.0
1,1.0
1,1.0
1,1.0
0,0.0
1,1.0
1,1.0
1,1.0
0,0.0
1,1.0
1,1.0
1,1.0
1,0.0
0,1.0
1,1.0
0,0.0
1,1.0
0,0.0
1,1.0
0,0.0
0,1.0
1,1.0
0,1.0
0,0.0
0,1.0
1,1.0
0,1.0
1,1.0
1,1.0
1,0.0
0,0.0
1,1.0
1,1.0
0,1.0
1,1.0
1,1.0
1,1.0
1,1.0
0,0.0
0,0.0
1,1.0
1,0.0
1,1.0
0,0.0
1,1.0
1,1.0
0,0.0
0,0.0
0,0.0
1,1.0
1,1.0
1,1.0
1,1.0
1,0.0
1,1.0
1,1.0
0,1.0
0,0.0
1,1.0
1,1.0
1,1.0
0,1.0
0,1.0
0,0.0
1,0.0
1,1.0
1,0.0
1,1.0
1,1.0
0,0.0
1,0.0
1,1.0
1,0.0
1,1.0
1,1.0
1,1.0
1,1.0
1,1.0
1,0.0
1,1.0
0,0.0
1,1.0
1,1.0
1,1.0
0,0.0
1,1.0
1,1.0
1,1.0
1,1.0
1,1.0
1,1.0
1,1.0
1,1.0
0,1.0
1,1.0
0,1.0
1,0.0
1,1.0
1,1.0
1,1.0
1,0.0
1,1.0
1,1.0
1,1.0
0,1.0
1,1.0
1,1.0
0,1.0
1,1.0
0,0.0
1,1.0
0,0.0
1,1.0
1,1.0
1,1.0
0,1.0
1,1.0
0,0.0
1,1.0
0,0.0
1,1.0
1,1.0
0,1.0
1,1.0
1,1.0
1,1.0
0,0.0
1,1.0
0,0.0
1,1.0
1,1.0
1,1.0
1,1.0
0,0.0
1,1.0
1,1.0
1,1.0
1,1.0
0,0.0
1,1.0
1,1.0
1,1.0
0,0.0
0,0.0
1,1.0
1,1.0
1,1.0
0,1.0
1,1.0
1,1.0
1,1.0
1,1.0
1,1.0
1,1.0
1,1.0
1,0.0
1,1.0
0,0.0
1,1.0
1,1.0
1,1.0
1,0.0
1,1.0
1,1.0
1,1.0
1,1.0
1,1.0
1,1.0
1,1.0
0,0.0
1,1.0
1,1.0
1,1.0
0,1.0
1,1.0
1,1.0
0,0.0
1,1.0
1,1.0
1,1.0
1,1.0
1,1.0
1,1.0
1,1.0
1,1.0
1,1.0
1,1.0
1,0.0
1,1.0
0,1.0
1,0.0
1,1.0
0,1.0
0,1.0
1,1.0
0,0.0
0,0.0
1,1.0
1,0.0
1,1.0
1,1.0
1,1.0
0,0.0
1,1.0
1,1.0
1,1.0
1,0.0
1,1.0
1,1.0
1,0.0
1,1.0
1,1.0
1,1.0
1,1.0
1,1.0
1,1.0
0,0.0
1,1.0
0,0.0
0,0.0
1,1.0
0,1.0
1,0.0
1,1.0
0,0.0
1,1.0
1,1.0
1,1.0
1,1.0
1,1.0
1,1.0
0,1.0
0,0.0
0,0.0
1,1.0
1,1.0
1,1.0
1,1.0
1,1.0
0,1.0
0,0.0
1,1.0
1,1.0
1,1.0
0,0.0
1,1.0
1,1.0
1,1.0
0,0.0
1,1.0
1,1.0
1,1.0
1,0.0
0,0.0
1,1.0
1,1.0
0,0.0
1,1.0
1,1.0
1,1.0
0,1.0
1,1.0
1,1.0
1,1.0
1,1.0
0,0.0
1,1.0
1,0.0
1,1.0
1,1.0
0,0.0
0,1.0
0,0.0
1,1.0
1,1.0
1,1.0
1,1.0
1,1.0
1,1.0
1,1.0
0,0.0
1,1.0
0,0.0
1,1.0
1,0.0
1,0.0
1,1.0
1,0.0
0,0.0
1,1.0
1,1.0
1,1.0
0,0.0
1,1.0
1,1.0
1,1.0
1,1.0
0,0.0
0,1.0
1,1.0
0,0.0
1,1.0
1,1.0
1,1.0
1,1.0
1,1.0
1,1.0
0,1.0
1,1.0
0,0.0
1,1.0
1,1.0
0,1.0
1,1.0
0,1.0
1,0.0
1,0.0
1,1.0
1,1.0
1,1.0
1,1.0
1,1.0
0,0.0
1,1.0
1,1.0
1,1.0
1,1.0
0,0.0
1,0.0
1,1.0
1,1.0
1,1.0
0,0.0
1,1.0
1,1.0
1,1.0
1,1.0
1,1.0
1,1.0
0,0.0
0,1.0
0,1.0
1,1.0
0,1.0
1,1.0
1,1.0
0,0.0
0,1.0
1,0.0
0,0.0
1,1.0
1,1.0
1,1.0
1,1.0
0,1.0
1,1.0
1,1.0
0,0.0
0,1.0
1,1.0
0,1.0
1,1.0
1,1.0
0,1.0
1,0.0
1,1.0
1,0.0
1,1.0
0,1.0
1,1.0
1,1.0
1,1.0
1,1.0
0,1.0
1,1.0
1,1.0
0,0.0
1,1.0
1,1.0
0,0.0
1,1.0
1,0.0
1,1.0
0,1.0
0,1.0
1,1.0
1,1.0
1,1.0
0,0.0
1,0.0
0,1.0
0,0.0
0,0.0
1,1.0
1,1.0
0,0.0
0,1.0
1,1.0
1,1.0
1,1.0
1,1.0
1,1.0
1,1.0
1,1.0
1,1.0
0,0.0
1,1.0
1,1.0
1,1.0
0,1.0
0,0.0
1,1.0
1,1.0
0,1.0
1,1.0
0,1.0
1,1.0
1,1.0
0,0.0
0,0.0
1,1.0
1,1.0
1,1.0
1,1.0
1,1.0
1,1.0
1,1.0
1,1.0
1,1.0
1,1.0
1,1.0
1,1.0
0,1.0
0,0.0
0,1.0
1,1.0
1,1.0
1,1.0
1,1.0
1,1.0
0,0.0
1,0.0
1,1.0
1,1.0
0,0.0
1,1.0
1,1.0
0,1.0
1,1.0
1,1.0
1,0.0
0,1.0
1,1.0
1,1.0
1,0.0
0,0.0
1,0.0
0,1.0
0,0.0
1,1.0
0,0.0
1,1.0
1,1.0
0,0.0
1,0.0
0,0.0
0,0.0
0,1.0
1,1.0
1,1.0
1,1.0
0,1.0
1,1.0
1,1.0
1,1.0
0,0.0
1,1.0
1,1.0
1,1.0
1,1.0
1,1.0
1,1.0
0,0.0
1,1.0
0,1.0
1,1.0
1,0.0
1,1.0
1,1.0
0,1.0
1,1.0
0,0.0
1,1.0
1,1.0
0,1.0
1,1.0
1,1.0
1,1.0
1,1.0
1,1.0
0,0.0
1,1.0
1,1.0
1,1.0
0,0.0
1,1.0
0,1.0
1,0.0
0,0.0
1,1.0
1,1.0
1,1.0
1,1.0
1,1.0
0,0.0
1,0.0
1,1.0
1,1.0
1,1.0
1,1.0
0,1.0
0,0.0
0,0.0
0,1.0
1,1.0
0,0.0
1,1.0
0,0.0
1,1.0
0,0.0
1,1.0
1,0.0
0,1.0
0,0.0
0,0.0
1,1.0
1,1.0
1,1.0
0,0.0
1,1.0
0,1.0
1,1.0
1,1.0
1,1.0
0,1.0
1,1.0
0,0.0
1,1.0
1,1.0
1,0.0
0,0.0
1,1.0
1,1.0
1,1.0
0,0.0
1,1.0
0,1.0
0,1.0
1,1.0
1,1.0
1,1.0
0,0.0
1,1.0
1,1.0
1,1.0
1,1.0
1,1.0
1,1.0
1,1.0
1,1.0
1,1.0
1,1.0
1,1.0
0,0.0
1,0.0
0,0.0
1,0.0
0,0.0
0,0.0
1,1.0
1,1.0
1,1.0
1,1.0
1,1.0
1,1.0
1,1.0
1,1.0
1,1.0
1,1.0
1,1.0
1,1.0
0,0.0
1,1.0
1,1.0
1,1.0
1,0.0
1,1.0
0,0.0
1,1.0
1,1.0
0,0.0
1,1.0
1,1.0
1,1.0
1,1.0
1,1.0
0,1.0
0,1.0
1,1.0
1,0.0
1,1.0
1,1.0
1,1.0
1,1.0
1,1.0
1,1.0
1,1.0
0,0.0
1,1.0
1,1.0
1,0.0
0,0.0
0,0.0
0,1.0
1,1.0
1,1.0
0,1.0
1,1.0
1,0.0
0,0.0
1,1.0
0,0.0
0,0.0
1,1.0
1,1.0
0,1.0
0,0.0
1,1.0
0,0.0
1,1.0
0,1.0
0,1.0
1,1.0
0,0.0
0,0.0
0,0.0
0,0.0
1,0.0
1,0.0
1,1.0
1,1.0
1,1.0
1,1.0
1,1.0
0,0.0
0,0.0
0,0.0
1,1.0
0,1.0
1,1.0
1,1.0
0,0.0
0,1.0
0,1.0
1,1.0
0,0.0
0,0.0
1,1.0
0,0.0
1,1.0
1,1.0
1,1.0
0,1.0
1,1.0
1,1.0
1,1.0
1,1.0
1,1.0
1,1.0
1,1.0
1,0.0
1,1.0
1,1.0
1,1.0
1,1.0
1,1.0
0,0.0
0,1.0
1,1.0
1,1.0
1,0.0
1,1.0
1,1.0
1,1.0
1,0.0
0,0.0
1,1.0
1,1.0
1,1.0
1,1.0
0,1.0
1,1.0
1,1.0
0,1.0
1,1.0
1,1.0
0,0.0
0,0.0
0,0.0
0,1.0
1,1.0
1,1.0
1,0.0
0,0.0
0,1.0
0,0.0
1,1.0
1,1.0
1,1.0
1,0.0
0,0.0
0,1.0
1,1.0
1,1.0
0,0.0
1,1.0
0,1.0
1,1.0
1,1.0
1,1.0
1,0.0
1,0.0
1,1.0
0,1.0
1,0.0
1,1.0
1,1.0
0,0.0
1,1.0
1,1.0
0,1.0
1,1.0
1,1.0
1,1.0
1,1.0
1,1.0
1,1.0
0,0.0
1,1.0
1,1.0
1,1.0
0,1.0
1,1.0
1,1.0
0,0.0
1,1.0
1,1.0
1,1.0
1,1.0
1,1.0
1,1.0
1,0.0
1,1.0
1,1.0
0,0.0
0,0.0
1,1.0
0,1.0
1,1.0
1,0.0
1,0.0
1,1.0
1,1.0
0,0.0
1,1.0
1,1.0
0,1.0
0,0.0
1,1.0
0,0.0
0,0.0
1,1.0
1,1.0
1,1.0
1,0.0
0,1.0
0,0.0
1,1.0
0,1.0
1,1.0
1,1.0
1,1.0
0,1.0
1,1.0
1,1.0
1,1.0
1,1.0
1,1.0
1,1.0
1,1.0
1,1.0
0,1.0
1,1.0
1,1.0
1,1.0
1,1.0
1,1.0
1,1.0
1,1.0
0,0.0
1,1.0
1,1.0
0,1.0
1,0.0
1,1.0
0,0.0
0,0.0
1,1.0
1,1.0
0,1.0
0,0.0
1,0.0
1,1.0
1,1.0
1,1.0
1,1.0
1,1.0
1,1.0
0,1.0
0,0.0
1,1.0
0,0.0
1,1.0
0,0.0
1,1.0
1,1.0
1,1.0
1,1.0
0,0.0
1,1.0
1,1.0
0,0.0
0,0.0
0,1.0
1,0.0
1,1.0
0,1.0
1,1.0
1,1.0
0,0.0
1,1.0
0,0.0
1,1.0
1,0.0
0,1.0
1,1.0
0,0.0
1,1.0
1,1.0
1,1.0
1,0.0
1,1.0
1,1.0
1,1.0
1,1.0
1,1.0
0,0.0
1,0.0
0,0.0
0,0.0
1,1.0
1,1.0
0,0.0
1,1.0
1,1.0
1,1.0
1,1.0
1,1.0
1,1.0
1,0.0
1,1.0
1,1.0
0,0.0
0,1.0
1,1.0
1,1.0
0,0.0
1,0.0
1,1.0
1,0.0
1,1.0
1,1.0
0,1.0
0,1.0
0,0.0
1,0.0
1,1.0
1,1.0
1,1.0
1,1.0
1,1.0
1,1.0
1,1.0
1,1.0
1,0.0
0,0.0
1,1.0
1,1.0
1,0.0
1,1.0
1,1.0
0,0.0
1,1.0
0,0.0
0,0.0
1,1.0
1,1.0
1,0.0
1,1.0
0,1.0
1,1.0
0,0.0
1,1.0
1,1.0
1,0.0
1,1.0
1,1.0
1,1.0
0,1.0
0,1.0
1,1.0
0,1.0
1,1.0
1,1.0
1,1.0
1,1.0
1,1.0
0,0.0
0,1.0
1,1.0
1,1.0
0,1.0
0,1.0
1,1.0
0,1.0
0,0.0
0,0.0
1,1.0
1,1.0
1,1.0
1,1.0
1,1.0
1,1.0
1,1.0
1,1.0
0,0.0
1,1.0
1,1.0
1,1.0
1,1.0
0,0.0
0,0.0
1,1.0
0,0.0
1,1.0
1,1.0
0,0.0
1,1.0
1,1.0
1,1.0
1,1.0
1,1.0
0,0.0
1,1.0
1,1.0
0,0.0
1,1.0
1,1.0
1,1.0
0,1.0
0,1.0
0,1.0
1,1.0
1,1.0
1,1.0
1,1.0
1,1.0
0,0.0
1,0.0
1,1.0
1,1.0
1,0.0
1,1.0
1,1.0
1,1.0
1,1.0
0,1.0
1,1.0
1,1.0
0,0.0
1,1.0
1,1.0
1,1.0
1,0.0
0,1.0
1,1.0
1,1.0
1,1.0
1,1.0
1,1.0
1,1.0
0,0.0
1,1.0
1,1.0
1,1.0
1,1.0
0,0.0
1,1.0
1,1.0
1,1.0
0,1.0
1,1.0
1,1.0
1,1.0
0,1.0
0,0.0
1,1.0
1,1.0
1,1.0
1,1.0
1,1.0
0,1.0
1,1.0
0,1.0
1,1.0
1,1.0
0,0.0
1,1.0
1,1.0
1,1.0
1,1.0
0,1.0
1,1.0
1,1.0
1,1.0
1,1.0
1,1.0
1,1.0
1,1.0
0,0.0
0,0.0
1,1.0
1,1.0
0,0.0
0,0.0
1,0.0
0,1.0
0,1.0
0,0.0
1,1.0
0,0.0
1,1.0
1,1.0
1,1.0
1,1.0
1,1.0
1,1.0
1,1.0
1,1.0
0,1.0
0,0.0
1,1.0
1,1.0
0,0.0
0,0.0
0,1.0
1,1.0
0,0.0
0,0.0
1,1.0
1,1.0
1,1.0
1,1.0
1,1.0
0,1.0
1,1.0
1,0.0
1,1.0
1,1.0
1,1.0
0,1.0
1,1.0
0,1.0
1,1.0
1,1.0
0,0.0
1,1.0
1,1.0
0,1.0
1,1.0
1,1.0
0,0.0
1,1.0
0,1.0
1,1.0
0,0.0
0,1.0
1,1.0
1,1.0
0,1.0
1,0.0
1,1.0
1,0.0
0,0.0
1,1.0
1,1.0
0,1.0
1,1.0
1,1.0
1,1.0
1,1.0
0,0.0
1,1.0
0,0.0
0,1.0
1,1.0
0,0.0
0,0.0
1,1.0
0,1.0
0,0.0
1,1.0
0,0.0
1,1.0
1,1.0
1,1.0
1,1.0
0,0.0
0,0.0
1,1.0
1,1.0
1,1.0
0,0.0
1,1.0
0,1.0
0,0.0
1,1.0
1,0.0
0,0.0
1,0.0
1,1.0
0,1.0
1,1.0
1,0.0
1,1.0
1,1.0
1,1.0
1,1.0
0,0.0
0,1.0
1,1.0
1,1.0
0,0.0
1,1.0
0,1.0
1,1.0
1,0.0
0,0.0
0,0.0
0,1.0
1,1.0
0,1.0
1,1.0
0,0.0
0,0.0
1,0.0
1,1.0
1,1.0
1,1.0
1,1.0
1,1.0
1,1.0
0,1.0
1,1.0
1,1.0
1,1.0
1,1.0
1,1.0
1,1.0
1,1.0
1,1.0
1,1.0
1,1.0
1,1.0
1,1.0
1,1.0
0,0.0
1,0.0
1,1.0
0,0.0
1,1.0
1,1.0
1,1.0
0,0.0
0,0.0
1,1.0
0,1.0
1,1.0
0,0.0
0,0.0
1,1.0
0,0.0
1,1.0
1,1.0
1,1.0
1,1.0
1,1.0
1,1.0
1,1.0
1,1.0
0,0.0
0,1.0
1,1.0
1,0.0
1,1.0
1,1.0
0,0.0
1,1.0
1,0.0
1,1.0
1,1.0
0,1.0
0,0.0
1,1.0
0,1.0
1,1.0
0,1.0
0,0.0
1,1.0
1,1.0
1,1.0
0,0.0
1,1.0
1,1.0
1,1.0
1,1.0
1,1.0
0,1.0
1,1.0
1,1.0
1,1.0
1,1.0
1,1.0
0,0.0
1,1.0
1,0.0
1,1.0
1,1.0
1,1.0
1,1.0
0,0.0
0,1.0
0,1.0
1,1.0
1,1.0
1,0.0
0,0.0
1,1.0
1,1.0
1,1.0
1,1.0
1,1.0
1,1.0
0,0.0
1,0.0
1,1.0
0,0.0
0,0.0
0,1.0
0,0.0
1,1.0
1,1.0
1,1.0
1,1.0
1,0.0
1,1.0
1,1.0
1,1.0
1,1.0
0,1.0
1,1.0
1,1.0
1,1.0
1,1.0
1,1.0
1,1.0
1,1.0
0,0.0
1,1.0
1,0.0
1,0.0
0,0.0
1,0.0
0,0.0
1,1.0
1,1.0
1,1.0
1,1.0
1,1.0
1,1.0
1,1.0
1,1.0
0,1.0
1,1.0
1,1.0
1,1.0
1,1.0
1,1.0
1,1.0
0,0.0
1,1.0
0,1.0
1,1.0
1,1.0
1,1.0
1,1.0
1,1.0
1,1.0
0,0.0
1,1.0
1,1.0
0,1.0
1,1.0
0,0.0
1,1.0
1,1.0
1,1.0
1,1.0
1,1.0
1,1.0
1,1.0
1,1.0
1,1.0
1,1.0
1,1.0
1,1.0
1,0.0
1,1.0
1,1.0
0,1.0
1,0.0
0,1.0
0,1.0
1,0.0
1,1.0
1,1.0
1,1.0
0,0.0
0,0.0
1,1.0
1,1.0
1,1.0
1,1.0
1,1.0
1,1.0
1,1.0
1,1.0
0,1.0
1,1.0
1,0.0
1,1.0
0,0.0
1,0.0
0,1.0
0,1.0
1,0.0
1,1.0
1,1.0
0,0.0
1,1.0
0,1.0
1,1.0
0,0.0
1,1.0
1,1.0
0,0.0
0,0.0
1,1.0
1,1.0
1,1.0
1,1.0
1,1.0
0,0.0
0,0.0
1,1.0
1,1.0
1,1.0
1,1.0
0,1.0
1,1.0
1,1.0
1,1.0
1,1.0
1,0.0
0,0.0
1,1.0
1,1.0
1,1.0
1,1.0
1,0.0
1,1.0
1,1.0
1,1.0
1,0.0
1,1.0
1,1.0
1,1.0
1,1.0
0,0.0
1,1.0
1,1.0
1,1.0
1,1.0
0,0.0
0,0.0
1,1.0
0,1.0
1,1.0
1,1.0
0,1.0
0,0.0
1,1.0
1,1.0
0,1.0
1,1.0
1,1.0
1,1.0
1,1.0
0,0.0
0,0.0
0,0.0
1,0.0
1,1.0
1,0.0
0,0.0
1,0.0
1,1.0
1,1.0
1,1.0
1,1.0
1,1.0
1,1.0
1,1.0
1,1.0
1,0.0
1,1.0
1,1.0
0,1.0
1,1.0
1,0.0
0,1.0
1,1.0
1,1.0
1,0.0
1,1.0
0,0.0
1,0.0
1,1.0
1,1.0
1,1.0
1,0.0
1,1.0
1,0.0
1,1.0
1,1.0
1,1.0
1,1.0
1,1.0
0,0.0
1,1.0
1,1.0
1,1.0
1,1.0
1,1.0
1,1.0
0,1.0
0,0.0
1,0.0
1,1.0
1,1.0
1,1.0
1,1.0
0,0.0
1,1.0
1,1.0
0,0.0
1,0.0
1,1.0
1,1.0
1,0.0
0,1.0
0,1.0
1,1.0
1,1.0
1,1.0
1,1.0
0,0.0
1,1.0
0,0.0
1,1.0
1,1.0
1,1.0
0,0.0
0,0.0
1,1.0
0,0.0
1,1.0
1,1.0
1,1.0
0,1.0
1,1.0
1,1.0
1,1.0
1,1.0
0,0.0
1,1.0
1,1.0
1,1.0
1,1.0
0,0.0
1,1.0
1,1.0
1,1.0
1,1.0
1,1.0
0,0.0
1,1.0
0,0.0
1,1.0
1,1.0
1,1.0
1,1.0
1,1.0
0,0.0
1,0.0
1,0.0
0,0.0
1,1.0
0,0.0
1,1.0
1,0.0
1,1.0
1,1.0
1,1.0
1,0.0
0,0.0
0,0.0
1,0.0
0,0.0
1,1.0
0,0.0
0,0.0
1,1.0
1,1.0
1,1.0
1,1.0
1,1.0
1,1.0
1,1.0
0,0.0
0,1.0
0,1.0
1,1.0
1,1.0
1,1.0
1,1.0
1,1.0
0,1.0
1,1.0
0,0.0
0,0.0
1,1.0
0,1.0
1,1.0
1,1.0
0,1.0
0,1.0
1,1.0
1,1.0
1,1.0
1,0.0
0,0.0
1,1.0
1,1.0
0,0.0
0,1.0
1,1.0
1,1.0
0,0.0
0,1.0
1,1.0
1,1.0
1,0.0
1,1.0
1,1.0
0,1.0
0,0.0
1,1.0
1,1.0
0,0.0
1,1.0
1,1.0
0,1.0
1,1.0
0,0.0
1,1.0
0,0.0
1,1.0
0,1.0
1,1.0
1,1.0
1,0.0
0,1.0
0,0.0
1,1.0
1,1.0
1,1.0
1,1.0
0,0.0
1,1.0
1,1.0
1,1.0
1,1.0
1,1.0
0,0.0
1,1.0
1,1.0
1,0.0
0,0.0
1,1.0
1,1.0
1,1.0
1,1.0
0,0.0
1,1.0
1,1.0
1,1.0
1,1.0
1,1.0
1,1.0
0,1.0
1,1.0
1,0.0
1,1.0
1,1.0
1,1.0
1,1.0
1,1.0
1,1.0
0,1.0
0,0.0
1,1.0
1,1.0
1,1.0
1,1.0
1,1.0
1,1.0
1,1.0
1,1.0
0,0.0
1,1.0
0,1.0
1,1.0
1,1.0
1,1.0
0,0.0
1,1.0
0,0.0
1,1.0
1,1.0
1,1.0
1,1.0
0,0.0
1,1.0
1,1.0
0,0.0
1,1.0
1,1.0
1,1.0
1,1.0
0,0.0
1,1.0
1,1.0
1,1.0
0,1.0
1,1.0
1,1.0
1,0.0
1,1.0
0,0.0
1,1.0
0,1.0
1,1.0
0,0.0
1,1.0
0,0.0
1,1.0
0,1.0
1,1.0
0,1.0
1,1.0
1,1.0
1,1.0
1,1.0
1,1.0
1,1.0
1,1.0
0,0.0
1,1.0
1,1.0
1,1.0
1,1.0
0,0.0
0,0.0
1,1.0
1,1.0
1,1.0
0,0.0
1,1.0
1,1.0
1,1.0
1,1.0
1,0.0
1,1.0
0,0.0
1,1.0
1,1.0
1,1.0
1,1.0
1,1.0
1,1.0
1,1.0
1,0.0
1,1.0
1,0.0
1,1.0
1,1.0
1,1.0
0,1.0
1,1.0
1,1.0
0,0.0
0,0.0
1,1.0
0,0.0
1,0.0
0,1.0
1,1.0
0,0.0
0,0.0
1,1.0
1,1.0
0,1.0
1,1.0
1,1.0
1,1.0
0,1.0
0,1.0
1,0.0
0,1.0
1,1.0
1,1.0
1,1.0
0,0.0
1,1.0
0,1.0
0,0.0
0,1.0
1,1.0
1,1.0
0,0.0
1,1.0
1,1.0
0,0.0
1,1.0
0,1.0
1,1.0
1,0.0
1,1.0
1,0.0
1,1.0
1,1.0
0,1.0
1,1.0
1,1.0
0,0.0
0,1.0
0,1.0
1,1.0
0,1.0
0,0.0
0,1.0
0,0.0
0,0.0
1,1.0
0,0.0
1,1.0
0,1.0
1,1.0
0,1.0
1,1.0
1,1.0
1,1.0
0,1.0
1,1.0
1,1.0
0,0.0
0,0.0
0,1.0
1,0.0
1,0.0
0,0.0
1,0.0
1,1.0
1,1.0
1,1.0
0,1.0
1,1.0
1,1.0
1,1.0
1,1.0
1,1.0
1,1.0
0,0.0
0,0.0
1,1.0
0,0.0
1,1.0
0,0.0
1,1.0
1,1.0
1,1.0
1,1.0
0,0.0
1,0.0
1,1.0
1,1.0
0,0.0
1,1.0
0,0.0
1,1.0
0,0.0
0,0.0
1,1.0
1,1.0
1,1.0
0,0.0
0,0.0
1,1.0
0,1.0
1,1.0
1,1.0
1,1.0
1,1.0
0,0.0
1,1.0
1,1.0
1,1.0
1,1.0
0,1.0
1,1.0
0,0.0
1,1.0
0,1.0
1,1.0
1,1.0
1,1.0
0,0.0
1,1.0
1,1.0
1,1.0
0,1.0
1,1.0
1,1.0
1,1.0
1,1.0
1,1.0
0,1.0
1,1.0
1,1.0
1,1.0
0,0.0
1,1.0
1,1.0
1,1.0
1,1.0
1,1.0
1,0.0
1,1.0
1,0.0
0,0.0
1,0.0
1,1.0
0,1.0
0,1.0
1,1.0
1,1.0
1,1.0
0,0.0
1,1.0
1,0.0
1,1.0
0,0.0
0,0.0
1,1.0
0,0.0
1,1.0
1,1.0
0,0.0
0,0.0
1,1.0
1,1.0
0,0.0
1,0.0
0,1.0
0,0.0
1,1.0
1,1.0
1,1.0
1,1.0
1,0.0
1,1.0
1,1.0
0,0.0
0,0.0
1,1.0
1,1.0
1,1.0
0,1.0
1,1.0
0,1.0
0,0.0
0,0.0
1,1.0
0,1.0
1,1.0
1,1.0
0,1.0
1,1.0
0,0.0
0,0.0
1,1.0
0,1.0
1,1.0
0,0.0
1,1.0
1,1.0
1,0.0
0,1.0
1,0.0
1,1.0
1,1.0
1,1.0
0,1.0
1,1.0
1,1.0
0,0.0
1,1.0
0,0.0
1,1.0
1,1.0
1,1.0
1,1.0
1,1.0
1,1.0
1,1.0
1,1.0
1,1.0
0,0.0
1,1.0
1,1.0
1,1.0
0,0.0
1,1.0
1,1.0
0,0.0
1,1.0
1,1.0
1,1.0
1,1.0
1,1.0
1,1.0
1,1.0
1,1.0
1,1.0
0,0.0
1,1.0
0,0.0
0,1.0
1,1.0
1,1.0
1,1.0
0,1.0
0,1.0
1,1.0
0,1.0
0,0.0
0,0.0
1,1.0
0,0.0
1,1.0
1,1.0
1,1.0
1,1.0
1,1.0
1,1.0
1,1.0
0,1.0
1,0.0
0,1.0
0,1.0
1,1.0
1,1.0
0,0.0
1,1.0
1,1.0
0,0.0
0,1.0
1,1.0
0,0.0
0,0.0
1,1.0
1,1.0
0,1.0
0,1.0
1,1.0
1,1.0
0,0.0
1,1.0
0,0.0
0,0.0
1,1.0
0,0.0
1,1.0
1,1.0
0,0.0
1,1.0
1,1.0
1,1.0
1,1.0
1,1.0
1,1.0
1,1.0
1,1.0
0,1.0
0,1.0
1,1.0
1,0.0
1,0.0
1,1.0
1,1.0
1,1.0
1,0.0
1,1.0
0,0.0
0,1.0
1,1.0
1,0.0
1,1.0
0,0.0
1,1.0
1,1.0
1,1.0
1,1.0
1,1.0
1,1.0
1,1.0
1,0.0
1,1.0
1,0.0
1,1.0
0,0.0
1,1.0
1,1.0
1,1.0
1,0.0
0,0.0
1,1.0
1,0.0
0,0.0
1,1.0
0,0.0
1,1.0
1,1.0
1,1.0
0,1.0
1,0.0
1,1.0
0,1.0
1,1.0
1,1.0
1,1.0
1,1.0
1,1.0
1,1.0
1,1.0
1,1.0
1,1.0
1,0.0
0,0.0
1,1.0
0,0.0
1,1.0
0,0.0
0,1.0
1,1.0
1,1.0
1,1.0
1,1.0
0,0.0
1,1.0
1,1.0
0,1.0
1,0.0
1,0.0
0,1.0
0,1.0
0,0.0
0,0.0
1,1.0
1,1.0
1,1.0
1,1.0
1,1.0
0,0.0
1,1.0
1,1.0
1,1.0
0,1.0
1,1.0
0,1.0
1,1.0
1,1.0
1,1.0
1,1.0
0,1.0
1,1.0
1,1.0
0,1.0
1,1.0
1,1.0
1,1.0
0,1.0
1,1.0
0,0.0
0,0.0
0,0.0
1,1.0
1,1.0
1,1.0
1,1.0
1,1.0
1,1.0
1,1.0
1,1.0
1,1.0
1,1.0
1,0.0
1,1.0
0,1.0
0,1.0
1,1.0
0,1.0
0,0.0
1,1.0
1,1.0
1,1.0
1,1.0
1,1.0
1,1.0
1,1.0
1,1.0
1,1.0
1,1.0
0,0.0
1,1.0
0,1.0
1,1.0
0,0.0
1,1.0
1,1.0
0,0.0
1,1.0
1,1.0
1,1.0
0,0.0
0,1.0
0,0.0
0,1.0
1,1.0
0,0.0
1,1.0
0,1.0
1,1.0
1,1.0
1,1.0
0,0.0
1,0.0
1,0.0
1,1.0
1,1.0
1,1.0
1,1.0
1,1.0
0,1.0
1,1.0
1,1.0
1,1.0
1,1.0
1,0.0
1,1.0
0,1.0
0,0.0
0,1.0
ACCURACY: 0.805151515152
