var1,var1Predicted
1,1.0
0,1.0
1,1.0
1,1.0
1,0.0
1,0.0
0,1.0
1,1.0
0,1.0
1,1.0
1,1.0
1,1.0
0,0.0
0,0.0
0,0.0
1,1.0
0,0.0
1,0.0
1,0.0
0,0.0
1,1.0
0,1.0
1,1.0
1,1.0
1,1.0
1,1.0
1,1.0
1,1.0
1,1.0
1,1.0
1,1.0
1,1.0
1,1.0
1,1.0
1,1.0
0,1.0
1,1.0
0,0.0
1,1.0
0,1.0
1,1.0
1,1.0
1,0.0
1,1.0
1,1.0
1,1.0
1,1.0
1,1.0
1,1.0
1,1.0
1,1.0
1,1.0
0,0.0
1,1.0
1,0.0
0,1.0
0,0.0
0,1.0
1,1.0
1,1.0
1,1.0
1,1.0
1,1.0
1,1.0
0,0.0
1,1.0
1,1.0
1,1.0
1,1.0
1,1.0
1,1.0
1,1.0
0,0.0
1,0.0
1,1.0
1,1.0
1,1.0
1,1.0
0,0.0
1,1.0
0,0.0
0,1.0
0,0.0
1,1.0
0,0.0
0,0.0
1,0.0
1,0.0
1,1.0
0,1.0
1,1.0
1,1.0
0,1.0
1,1.0
0,0.0
1,1.0
1,1.0
1,1.0
1,1.0
0,0.0
1,1.0
1,1.0
0,1.0
0,0.0
0,0.0
1,1.0
1,1.0
0,1.0
0,0.0
1,1.0
1,1.0
0,0.0
1,1.0
0,1.0
1,1.0
0,0.0
0,0.0
0,0.0
1,1.0
1,1.0
1,1.0
1,1.0
1,1.0
0,0.0
0,0.0
1,1.0
1,1.0
1,1.0
1,1.0
1,1.0
1,1.0
1,0.0
0,0.0
1,1.0
1,1.0
1,1.0
1,1.0
1,1.0
1,1.0
1,1.0
1,0.0
0,0.0
0,1.0
0,1.0
1,0.0
1,1.0
1,1.0
1,1.0
1,1.0
0,0.0
1,1.0
1,1.0
0,0.0
0,0.0
0,0.0
0,0.0
1,0.0
1,1.0
0,1.0
0,0.0
0,0.0
0,1.0
0,1.0
0,0.0
1,1.0
1,1.0
1,0.0
1,1.0
0,0.0
1,1.0
1,1.0
1,1.0
1,1.0
1,1.0
1,1.0
1,1.0
0,0.0
1,1.0
0,1.0
1,1.0
0,1.0
1,1.0
1,1.0
1,1.0
1,1.0
1,1.0
1,1.0
1,1.0
1,1.0
1,1.0
1,1.0
1,1.0
0,0.0
0,0.0
1,1.0
1,1.0
0,0.0
1,1.0
0,0.0
0,1.0
1,1.0
0,0.0
1,1.0
1,1.0
1,1.0
1,1.0
0,0.0
0,0.0
1,1.0
1,1.0
1,1.0
0,0.0
0,1.0
1,1.0
0,0.0
1,1.0
0,0.0
1,1.0
1,1.0
0,1.0
0,0.0
0,0.0
1,1.0
0,0.0
1,1.0
1,1.0
0,0.0
1,1.0
1,1.0
0,1.0
1,1.0
1,1.0
1,1.0
1,1.0
0,1.0
1,1.0
1,1.0
0,1.0
0,1.0
1,1.0
1,1.0
1,1.0
0,0.0
1,1.0
1,1.0
1,1.0
1,1.0
1,1.0
1,1.0
1,1.0
1,1.0
1,1.0
0,0.0
0,0.0
1,1.0
1,0.0
0,0.0
0,0.0
1,1.0
0,0.0
0,0.0
1,1.0
1,1.0
1,1.0
0,0.0
1,1.0
1,1.0
1,0.0
1,1.0
0,0.0
1,1.0
1,1.0
1,1.0
0,0.0
0,0.0
0,0.0
1,1.0
1,1.0
1,1.0
1,0.0
1,1.0
1,0.0
1,0.0
1,1.0
0,0.0
1,1.0
1,1.0
0,1.0
0,0.0
1,1.0
1,1.0
1,1.0
0,1.0
1,1.0
0,1.0
1,0.0
1,1.0
1,1.0
1,0.0
1,1.0
1,1.0
1,1.0
1,1.0
1,0.0
1,1.0
1,1.0
1,1.0
1,1.0
1,1.0
0,0.0
1,1.0
1,1.0
1,1.0
1,1.0
1,1.0
1,1.0
1,1.0
1,1.0
1,0.0
1,1.0
1,0.0
1,1.0
1,1.0
1,1.0
1,1.0
1,1.0
1,1.0
1,1.0
1,1.0
1,1.0
1,1.0
0,1.0
1,1.0
0,1.0
1,1.0
1,1.0
1,0.0
1,1.0
0,0.0
1,1.0
1,1.0
1,1.0
1,1.0
1,1.0
1,1.0
0,0.0
1,1.0
1,1.0
0,1.0
1,1.0
1,1.0
1,1.0
1,1.0
1,1.0
0,0.0
1,1.0
1,1.0
0,1.0
1,1.0
1,1.0
0,1.0
0,1.0
1,0.0
1,1.0
0,0.0
1,1.0
0,1.0
1,1.0
1,1.0
1,1.0
1,1.0
1,1.0
0,0.0
0,0.0
0,0.0
0,1.0
1,1.0
1,0.0
1,0.0
1,1.0
0,1.0
1,1.0
0,1.0
0,1.0
1,1.0
1,0.0
0,1.0
0,1.0
1,1.0
1,1.0
1,1.0
1,1.0
0,0.0
1,0.0
1,1.0
0,1.0
0,0.0
0,1.0
0,0.0
1,1.0
0,1.0
0,0.0
0,0.0
1,1.0
1,1.0
0,0.0
0,0.0
0,0.0
0,0.0
1,1.0
1,0.0
1,1.0
1,0.0
1,1.0
1,1.0
1,0.0
0,1.0
1,1.0
1,1.0
1,1.0
0,0.0
1,1.0
0,1.0
1,1.0
1,0.0
0,0.0
1,1.0
1,1.0
1,1.0
0,1.0
1,1.0
1,0.0
1,1.0
1,1.0
1,1.0
1,1.0
1,1.0
1,1.0
0,0.0
1,1.0
0,0.0
1,1.0
1,1.0
0,1.0
0,0.0
0,0.0
1,1.0
1,1.0
1,1.0
0,0.0
1,1.0
0,0.0
0,0.0
1,1.0
0,1.0
1,1.0
1,1.0
1,1.0
0,1.0
0,0.0
1,1.0
1,1.0
1,1.0
0,0.0
1,0.0
1,1.0
0,0.0
0,1.0
1,1.0
0,0.0
1,1.0
1,1.0
1,1.0
0,1.0
1,1.0
1,1.0
1,1.0
1,1.0
1,1.0
1,1.0
1,1.0
1,1.0
1,1.0
0,0.0
0,0.0
1,1.0
1,1.0
1,1.0
1,0.0
1,1.0
1,1.0
1,1.0
0,0.0
1,1.0
1,1.0
1,1.0
1,1.0
1,0.0
1,1.0
1,1.0
1,1.0
1,1.0
1,1.0
0,1.0
1,1.0
0,0.0
0,0.0
1,1.0
0,0.0
1,1.0
1,1.0
1,1.0
1,1.0
0,1.0
0,1.0
0,0.0
1,1.0
1,1.0
1,1.0
0,1.0
1,1.0
1,1.0
1,1.0
1,1.0
0,1.0
1,1.0
1,1.0
1,1.0
1,1.0
1,1.0
1,0.0
0,0.0
1,1.0
1,1.0
0,0.0
1,0.0
0,0.0
0,0.0
1,1.0
1,1.0
0,1.0
1,1.0
0,0.0
1,1.0
1,1.0
1,1.0
0,0.0
1,0.0
0,0.0
1,1.0
1,1.0
1,1.0
0,1.0
1,1.0
0,0.0
0,0.0
1,1.0
0,0.0
1,1.0
1,0.0
0,0.0
1,0.0
0,0.0
1,1.0
0,0.0
0,0.0
1,1.0
1,1.0
1,1.0
1,0.0
0,0.0
0,1.0
0,1.0
1,1.0
0,0.0
1,1.0
0,1.0
1,0.0
0,0.0
1,1.0
1,1.0
0,0.0
1,1.0
1,1.0
0,0.0
1,1.0
1,1.0
1,1.0
1,1.0
1,1.0
0,0.0
1,1.0
1,0.0
0,0.0
1,1.0
1,1.0
1,1.0
1,1.0
1,1.0
0,0.0
0,0.0
1,1.0
0,0.0
1,1.0
0,1.0
0,0.0
0,1.0
1,0.0
1,1.0
0,0.0
0,1.0
0,1.0
0,1.0
0,1.0
1,1.0
1,1.0
1,1.0
1,1.0
0,0.0
0,0.0
1,1.0
1,1.0
0,0.0
1,1.0
0,1.0
1,1.0
1,1.0
1,1.0
0,1.0
1,1.0
0,0.0
1,1.0
0,0.0
1,1.0
1,1.0
1,1.0
1,1.0
1,1.0
1,1.0
0,0.0
1,1.0
1,1.0
1,0.0
1,1.0
0,0.0
1,1.0
1,1.0
1,1.0
0,0.0
0,0.0
1,1.0
1,1.0
1,1.0
1,1.0
0,1.0
0,0.0
0,0.0
1,1.0
1,1.0
1,1.0
0,0.0
0,0.0
1,1.0
1,0.0
1,1.0
1,1.0
1,1.0
0,1.0
1,1.0
1,1.0
0,0.0
1,1.0
1,1.0
0,1.0
1,1.0
1,0.0
0,0.0
1,1.0
1,1.0
1,1.0
1,1.0
1,1.0
0,1.0
1,1.0
1,1.0
1,1.0
0,1.0
1,1.0
0,0.0
1,1.0
0,1.0
1,1.0
0,1.0
1,1.0
1,1.0
1,1.0
0,0.0
1,1.0
1,1.0
0,0.0
1,1.0
1,1.0
1,1.0
0,1.0
1,1.0
1,1.0
1,1.0
1,0.0
1,1.0
0,0.0
1,1.0
1,1.0
1,1.0
0,1.0
1,1.0
1,1.0
1,1.0
1,1.0
0,1.0
0,1.0
1,1.0
1,0.0
1,1.0
1,1.0
1,1.0
0,1.0
1,1.0
0,0.0
1,1.0
1,1.0
0,0.0
1,1.0
0,1.0
0,1.0
1,1.0
1,1.0
1,1.0
1,1.0
1,1.0
1,1.0
1,1.0
1,1.0
1,1.0
0,0.0
0,1.0
0,0.0
1,1.0
1,0.0
1,1.0
1,1.0
1,1.0
1,1.0
1,1.0
1,1.0
0,0.0
1,1.0
1,1.0
0,0.0
1,1.0
1,1.0
1,1.0
0,1.0
0,1.0
0,1.0
1,1.0
0,1.0
1,1.0
0,1.0
1,1.0
0,1.0
1,1.0
1,1.0
1,1.0
0,0.0
1,1.0
1,1.0
1,1.0
0,0.0
0,1.0
1,1.0
1,1.0
1,1.0
1,0.0
1,1.0
1,1.0
1,1.0
1,0.0
0,0.0
0,0.0
1,1.0
0,0.0
0,1.0
1,1.0
0,1.0
1,0.0
0,0.0
0,1.0
0,1.0
1,0.0
1,1.0
1,1.0
0,0.0
1,1.0
1,1.0
1,1.0
1,1.0
1,1.0
1,1.0
0,1.0
0,0.0
0,1.0
1,1.0
0,1.0
1,1.0
0,0.0
1,1.0
0,1.0
0,1.0
1,1.0
1,1.0
1,1.0
0,1.0
1,1.0
0,1.0
1,1.0
1,1.0
0,1.0
1,0.0
1,1.0
0,0.0
1,1.0
1,1.0
0,0.0
0,0.0
1,1.0
1,1.0
1,1.0
1,1.0
0,1.0
1,1.0
0,0.0
0,0.0
0,1.0
1,1.0
1,1.0
1,1.0
1,1.0
1,1.0
1,1.0
1,0.0
1,1.0
1,1.0
1,1.0
1,1.0
1,1.0
1,1.0
1,1.0
1,1.0
0,0.0
1,0.0
1,1.0
1,1.0
1,1.0
1,0.0
1,1.0
1,1.0
1,0.0
1,1.0
0,0.0
1,0.0
1,1.0
1,0.0
0,0.0
1,1.0
0,1.0
1,1.0
1,1.0
1,1.0
0,1.0
0,0.0
0,0.0
1,1.0
1,1.0
0,1.0
1,0.0
1,1.0
1,1.0
1,1.0
0,0.0
1,1.0
1,1.0
1,0.0
1,1.0
1,1.0
0,0.0
1,1.0
1,1.0
1,1.0
1,0.0
0,0.0
1,0.0
1,1.0
0,1.0
1,1.0
0,1.0
1,1.0
1,0.0
0,0.0
1,1.0
1,1.0
1,1.0
1,1.0
1,0.0
1,1.0
0,0.0
1,1.0
1,1.0
1,1.0
1,1.0
0,1.0
1,1.0
1,1.0
1,0.0
1,1.0
1,1.0
1,1.0
1,1.0
1,1.0
1,1.0
1,1.0
0,0.0
1,1.0
1,0.0
1,1.0
0,0.0
1,0.0
1,1.0
1,1.0
0,0.0
0,1.0
0,0.0
1,1.0
0,0.0
0,0.0
1,1.0
1,1.0
1,1.0
1,1.0
0,0.0
1,1.0
1,1.0
1,1.0
1,1.0
0,0.0
0,1.0
1,1.0
1,1.0
1,1.0
0,0.0
0,0.0
0,1.0
1,1.0
1,1.0
0,1.0
1,1.0
1,1.0
1,0.0
0,0.0
0,1.0
1,1.0
1,1.0
1,1.0
1,1.0
1,1.0
0,0.0
1,1.0
1,0.0
1,1.0
1,1.0
0,0.0
1,1.0
0,1.0
1,1.0
0,1.0
1,1.0
1,1.0
0,1.0
1,1.0
1,1.0
1,1.0
0,1.0
1,1.0
1,1.0
0,1.0
1,1.0
0,0.0
1,1.0
1,1.0
0,0.0
1,1.0
1,1.0
1,1.0
1,1.0
1,1.0
1,1.0
0,0.0
1,1.0
1,1.0
1,1.0
0,0.0
0,0.0
1,1.0
1,1.0
1,1.0
0,0.0
1,1.0
0,1.0
1,1.0
1,1.0
1,1.0
0,1.0
1,1.0
0,0.0
1,1.0
1,1.0
1,1.0
0,0.0
1,1.0
1,1.0
1,1.0
1,1.0
1,1.0
1,1.0
1,1.0
1,1.0
1,1.0
0,1.0
1,1.0
0,0.0
1,1.0
1,1.0
0,1.0
1,1.0
1,1.0
1,1.0
1,1.0
0,0.0
0,0.0
1,1.0
1,1.0
1,1.0
0,0.0
0,0.0
1,1.0
1,1.0
0,0.0
1,1.0
1,1.0
1,1.0
1,1.0
0,0.0
0,0.0
1,1.0
0,0.0
1,1.0
0,1.0
1,1.0
0,1.0
1,1.0
0,0.0
0,1.0
0,0.0
1,1.0
1,1.0
1,1.0
0,0.0
0,0.0
1,1.0
1,1.0
1,1.0
0,0.0
1,1.0
1,1.0
1,1.0
0,0.0
1,1.0
1,1.0
1,1.0
1,0.0
0,1.0
1,1.0
0,0.0
1,0.0
0,0.0
1,1.0
0,0.0
0,0.0
1,1.0
0,1.0
0,0.0
0,1.0
1,1.0
0,1.0
1,1.0
1,1.0
1,0.0
0,0.0
1,1.0
1,1.0
0,1.0
1,1.0
1,1.0
1,0.0
1,1.0
0,0.0
0,0.0
1,1.0
1,1.0
1,0.0
0,0.0
1,1.0
1,1.0
0,0.0
0,0.0
0,0.0
1,1.0
1,1.0
1,1.0
1,1.0
1,0.0
1,1.0
1,1.0
0,1.0
0,0.0
1,1.0
1,1.0
1,1.0
0,0.0
0,1.0
0,0.0
1,0.0
1,1.0
1,0.0
1,1.0
1,1.0
0,0.0
1,0.0
1,0.0
1,0.0
1,1.0
1,1.0
1,1.0
1,1.0
1,1.0
1,0.0
1,1.0
0,0.0
1,1.0
1,1.0
1,1.0
0,0.0
1,1.0
1,1.0
1,1.0
1,1.0
1,1.0
1,1.0
1,1.0
1,1.0
0,1.0
1,1.0
0,1.0
1,0.0
1,1.0
1,1.0
1,1.0
1,0.0
1,1.0
1,1.0
1,1.0
0,1.0
1,1.0
1,1.0
0,1.0
1,1.0
0,0.0
1,1.0
0,0.0
1,1.0
1,1.0
1,1.0
0,1.0
1,1.0
0,0.0
1,1.0
0,0.0
1,1.0
1,1.0
0,1.0
1,1.0
1,1.0
1,1.0
0,0.0
1,1.0
0,0.0
1,1.0
1,1.0
1,1.0
1,1.0
0,0.0
1,1.0
1,1.0
1,1.0
1,1.0
0,1.0
1,1.0
1,1.0
1,1.0
0,0.0
0,0.0
1,1.0
1,1.0
1,1.0
0,1.0
1,1.0
1,1.0
1,1.0
1,1.0
1,1.0
1,1.0
1,1.0
1,0.0
1,0.0
0,0.0
1,1.0
1,1.0
1,1.0
1,0.0
1,1.0
1,1.0
1,1.0
1,1.0
1,1.0
1,1.0
1,1.0
0,0.0
1,1.0
1,1.0
1,1.0
0,1.0
1,1.0
1,1.0
0,0.0
1,1.0
1,1.0
1,1.0
1,1.0
1,1.0
1,1.0
1,1.0
1,1.0
1,1.0
1,1.0
1,1.0
1,1.0
0,1.0
1,0.0
1,0.0
0,0.0
0,1.0
1,1.0
0,0.0
0,0.0
1,1.0
1,1.0
1,1.0
1,1.0
1,1.0
0,0.0
1,1.0
1,1.0
1,1.0
1,0.0
1,1.0
1,1.0
1,0.0
1,1.0
1,1.0
1,1.0
1,1.0
1,1.0
1,1.0
0,0.0
1,1.0
0,0.0
0,0.0
1,0.0
0,1.0
1,0.0
1,1.0
0,0.0
1,1.0
1,1.0
1,1.0
1,1.0
1,1.0
1,1.0
0,1.0
0,0.0
0,0.0
1,1.0
1,1.0
1,1.0
1,1.0
1,1.0
0,1.0
0,1.0
1,1.0
1,1.0
1,1.0
0,0.0
1,1.0
1,1.0
1,1.0
0,0.0
1,1.0
1,1.0
1,1.0
1,0.0
0,0.0
1,1.0
1,1.0
0,0.0
1,1.0
1,1.0
1,1.0
0,0.0
1,1.0
1,1.0
1,1.0
1,1.0
0,0.0
1,1.0
1,0.0
1,1.0
1,1.0
0,0.0
0,0.0
0,0.0
1,1.0
1,1.0
1,1.0
1,1.0
1,1.0
1,1.0
1,1.0
0,0.0
1,1.0
0,0.0
1,1.0
1,0.0
1,0.0
1,1.0
1,1.0
0,0.0
1,1.0
1,1.0
1,1.0
0,0.0
1,1.0
1,1.0
1,1.0
1,1.0
0,0.0
0,1.0
1,1.0
0,0.0
1,1.0
1,1.0
1,1.0
1,1.0
1,1.0
1,1.0
0,1.0
1,1.0
0,0.0
1,1.0
1,1.0
0,1.0
1,1.0
0,1.0
1,0.0
1,0.0
1,1.0
1,1.0
1,1.0
1,1.0
1,1.0
0,0.0
1,1.0
1,1.0
1,1.0
1,1.0
0,0.0
1,0.0
1,1.0
1,1.0
1,1.0
0,0.0
1,1.0
1,1.0
1,1.0
1,1.0
1,1.0
1,1.0
0,0.0
0,1.0
0,1.0
1,1.0
0,1.0
1,1.0
1,1.0
0,0.0
0,1.0
1,0.0
0,0.0
1,1.0
1,1.0
1,1.0
1,0.0
0,1.0
1,1.0
1,1.0
0,0.0
0,1.0
1,1.0
0,1.0
1,1.0
1,1.0
0,1.0
1,1.0
1,1.0
1,1.0
1,1.0
0,1.0
1,1.0
1,1.0
1,1.0
1,1.0
0,1.0
1,1.0
1,1.0
0,0.0
1,1.0
1,1.0
0,0.0
1,1.0
1,0.0
1,1.0
0,1.0
0,1.0
1,1.0
1,1.0
1,1.0
0,0.0
1,0.0
0,1.0
0,0.0
0,0.0
1,1.0
1,1.0
0,0.0
0,1.0
1,1.0
1,1.0
1,1.0
1,1.0
1,1.0
1,1.0
1,1.0
1,1.0
0,0.0
1,1.0
1,1.0
1,1.0
0,1.0
0,0.0
1,1.0
1,1.0
0,1.0
1,1.0
0,0.0
1,0.0
1,1.0
0,0.0
0,0.0
1,1.0
1,1.0
1,1.0
1,0.0
1,1.0
1,1.0
1,1.0
1,1.0
1,1.0
1,1.0
1,1.0
1,1.0
0,0.0
0,0.0
0,0.0
1,1.0
1,1.0
1,1.0
1,1.0
1,1.0
0,0.0
1,0.0
1,1.0
1,1.0
0,0.0
1,1.0
1,1.0
0,1.0
1,1.0
1,1.0
1,0.0
0,1.0
1,1.0
1,1.0
1,0.0
0,0.0
1,0.0
0,1.0
0,0.0
1,1.0
0,0.0
1,1.0
1,1.0
0,0.0
1,0.0
0,0.0
0,0.0
0,1.0
1,1.0
1,1.0
1,1.0
0,1.0
1,1.0
1,1.0
1,1.0
0,0.0
1,1.0
1,1.0
1,1.0
1,1.0
1,1.0
1,1.0
0,0.0
1,1.0
0,1.0
1,1.0
1,0.0
1,1.0
1,1.0
0,1.0
1,1.0
0,0.0
1,1.0
1,1.0
0,1.0
1,0.0
1,1.0
1,1.0
1,1.0
1,1.0
0,0.0
1,1.0
1,1.0
1,1.0
0,0.0
1,1.0
0,1.0
1,0.0
0,0.0
1,1.0
1,1.0
1,1.0
1,1.0
1,1.0
0,0.0
1,0.0
1,1.0
1,1.0
1,1.0
1,1.0
0,1.0
0,0.0
0,0.0
0,1.0
1,1.0
0,0.0
1,1.0
0,0.0
1,1.0
0,0.0
1,1.0
1,0.0
0,1.0
0,0.0
0,0.0
1,1.0
1,1.0
1,1.0
0,0.0
1,1.0
0,0.0
1,1.0
1,1.0
1,1.0
0,1.0
1,1.0
0,0.0
1,1.0
1,1.0
1,0.0
0,0.0
1,1.0
1,1.0
1,1.0
0,0.0
1,1.0
0,0.0
0,1.0
1,1.0
1,1.0
1,1.0
0,0.0
1,1.0
1,1.0
1,1.0
1,1.0
1,1.0
1,1.0
1,1.0
1,1.0
1,1.0
1,1.0
1,1.0
0,0.0
1,0.0
0,0.0
1,0.0
0,0.0
0,0.0
1,1.0
1,1.0
1,1.0
1,1.0
1,1.0
1,1.0
1,1.0
1,1.0
1,1.0
1,1.0
1,1.0
1,1.0
0,0.0
1,1.0
1,1.0
1,1.0
1,0.0
1,1.0
0,0.0
1,1.0
1,1.0
0,0.0
1,1.0
1,1.0
1,1.0
1,1.0
1,1.0
0,0.0
0,1.0
1,1.0
1,0.0
1,1.0
1,1.0
1,1.0
1,1.0
1,1.0
1,1.0
1,1.0
0,0.0
1,1.0
1,1.0
1,0.0
0,0.0
0,0.0
0,1.0
1,1.0
1,1.0
0,1.0
1,1.0
1,0.0
0,0.0
1,1.0
0,0.0
0,0.0
1,1.0
1,1.0
0,1.0
0,0.0
1,1.0
0,0.0
1,1.0
0,1.0
0,1.0
1,1.0
0,0.0
0,0.0
0,0.0
0,0.0
1,0.0
1,0.0
1,1.0
1,1.0
1,1.0
1,1.0
1,1.0
0,1.0
0,0.0
0,0.0
1,1.0
0,1.0
1,1.0
1,1.0
0,0.0
0,1.0
0,0.0
1,1.0
0,0.0
0,0.0
1,1.0
0,0.0
1,1.0
1,1.0
1,1.0
0,1.0
1,1.0
1,1.0
1,1.0
1,1.0
1,1.0
1,1.0
1,1.0
1,0.0
1,1.0
1,1.0
1,1.0
1,1.0
1,1.0
0,0.0
0,1.0
1,1.0
1,1.0
1,0.0
1,1.0
1,1.0
1,1.0
1,0.0
0,0.0
1,1.0
1,1.0
1,1.0
1,1.0
0,1.0
1,1.0
1,1.0
0,0.0
1,1.0
1,1.0
0,0.0
0,0.0
0,0.0
0,1.0
1,1.0
1,1.0
1,0.0
0,0.0
0,1.0
0,0.0
1,1.0
1,1.0
1,1.0
1,0.0
0,0.0
0,1.0
1,1.0
1,1.0
0,0.0
1,1.0
0,1.0
1,1.0
1,1.0
1,1.0
1,0.0
1,0.0
1,1.0
0,1.0
1,1.0
1,1.0
1,0.0
0,0.0
1,1.0
1,1.0
0,1.0
1,1.0
1,1.0
1,1.0
1,1.0
1,1.0
1,1.0
0,0.0
1,1.0
1,1.0
1,1.0
0,1.0
1,1.0
1,1.0
0,1.0
1,1.0
1,1.0
1,1.0
1,1.0
1,0.0
1,1.0
1,0.0
1,1.0
1,1.0
0,0.0
0,0.0
1,1.0
0,1.0
1,1.0
1,0.0
1,0.0
1,1.0
1,1.0
0,0.0
1,1.0
1,1.0
0,1.0
0,0.0
1,1.0
0,0.0
0,0.0
1,1.0
1,1.0
1,1.0
1,0.0
0,1.0
0,0.0
1,1.0
0,0.0
1,1.0
1,1.0
1,1.0
0,1.0
1,1.0
1,1.0
1,1.0
1,1.0
1,1.0
1,1.0
1,1.0
1,1.0
0,1.0
1,1.0
1,1.0
1,1.0
1,1.0
1,1.0
1,1.0
1,1.0
0,0.0
1,1.0
1,1.0
0,1.0
1,0.0
1,1.0
0,0.0
0,1.0
1,1.0
1,1.0
0,1.0
0,0.0
1,0.0
1,1.0
1,1.0
1,1.0
1,1.0
1,1.0
1,1.0
0,1.0
0,0.0
1,1.0
0,0.0
1,0.0
0,0.0
1,1.0
1,1.0
1,1.0
1,1.0
0,0.0
1,1.0
1,1.0
0,0.0
0,0.0
0,1.0
1,0.0
1,1.0
0,1.0
1,1.0
1,1.0
0,0.0
1,1.0
0,0.0
1,1.0
1,0.0
0,1.0
1,1.0
0,0.0
1,1.0
1,1.0
1,1.0
1,0.0
1,1.0
1,1.0
1,1.0
1,1.0
1,1.0
0,1.0
1,1.0
0,0.0
0,0.0
1,1.0
1,1.0
0,0.0
1,1.0
1,1.0
1,1.0
1,1.0
1,1.0
1,1.0
1,0.0
1,1.0
1,1.0
0,0.0
0,1.0
1,1.0
1,1.0
0,0.0
1,0.0
1,1.0
1,0.0
1,1.0
1,1.0
0,1.0
0,1.0
0,0.0
1,0.0
1,1.0
1,1.0
1,1.0
1,1.0
1,1.0
1,1.0
1,1.0
1,1.0
1,0.0
0,0.0
1,1.0
1,1.0
1,0.0
1,0.0
1,1.0
0,0.0
1,1.0
0,0.0
0,1.0
1,1.0
1,1.0
1,0.0
1,1.0
0,1.0
1,1.0
0,0.0
1,1.0
1,1.0
1,0.0
1,1.0
1,0.0
1,1.0
0,1.0
0,1.0
1,1.0
0,0.0
1,1.0
1,1.0
1,1.0
1,1.0
1,1.0
0,0.0
0,1.0
1,1.0
1,0.0
0,1.0
0,1.0
1,1.0
0,1.0
0,0.0
0,0.0
1,1.0
1,1.0
1,1.0
1,1.0
1,1.0
1,1.0
1,1.0
1,1.0
0,0.0
1,1.0
1,1.0
1,1.0
1,1.0
0,0.0
0,0.0
1,1.0
0,0.0
1,1.0
1,1.0
0,0.0
1,1.0
1,1.0
1,1.0
1,0.0
1,1.0
0,0.0
1,1.0
1,1.0
0,0.0
1,1.0
1,1.0
1,1.0
0,1.0
0,1.0
0,1.0
1,1.0
1,1.0
1,1.0
1,1.0
1,1.0
0,0.0
1,0.0
1,1.0
1,1.0
1,0.0
1,1.0
1,1.0
1,1.0
1,1.0
0,0.0
1,1.0
1,1.0
0,0.0
1,0.0
1,1.0
1,1.0
1,0.0
0,1.0
1,1.0
1,1.0
1,1.0
1,1.0
1,1.0
1,1.0
0,0.0
1,1.0
1,1.0
1,1.0
1,1.0
0,0.0
1,1.0
1,1.0
1,1.0
0,0.0
1,1.0
1,1.0
1,1.0
0,1.0
0,0.0
1,1.0
1,1.0
1,1.0
1,1.0
1,1.0
0,1.0
1,1.0
0,1.0
1,1.0
1,1.0
0,0.0
1,1.0
1,1.0
1,1.0
1,1.0
0,1.0
1,1.0
1,1.0
1,1.0
1,1.0
1,1.0
1,1.0
1,1.0
0,0.0
0,0.0
1,0.0
1,1.0
0,0.0
0,0.0
1,0.0
0,1.0
0,1.0
0,0.0
1,1.0
0,0.0
1,1.0
1,1.0
1,1.0
1,1.0
1,1.0
1,1.0
1,1.0
1,1.0
0,1.0
0,0.0
1,1.0
1,1.0
0,0.0
0,0.0
0,1.0
1,1.0
0,0.0
0,0.0
1,1.0
1,1.0
1,1.0
1,1.0
1,1.0
0,1.0
1,1.0
1,1.0
1,1.0
1,1.0
1,1.0
0,1.0
1,1.0
0,1.0
1,1.0
1,1.0
0,0.0
1,1.0
1,1.0
0,1.0
1,1.0
1,1.0
0,0.0
1,1.0
0,1.0
1,1.0
0,0.0
0,1.0
1,1.0
1,1.0
0,1.0
1,0.0
1,0.0
1,0.0
0,0.0
1,1.0
1,1.0
0,1.0
1,1.0
1,1.0
1,1.0
1,1.0
0,0.0
1,1.0
0,0.0
0,1.0
1,1.0
0,0.0
0,0.0
1,1.0
0,1.0
0,0.0
1,1.0
0,0.0
1,1.0
1,1.0
1,1.0
1,1.0
0,0.0
0,0.0
1,1.0
1,1.0
1,1.0
0,0.0
1,1.0
0,1.0
0,0.0
1,1.0
1,0.0
0,0.0
1,1.0
1,1.0
0,1.0
1,1.0
1,0.0
1,1.0
1,1.0
1,1.0
1,1.0
0,0.0
0,1.0
1,1.0
1,1.0
0,1.0
1,1.0
0,1.0
1,1.0
1,0.0
0,0.0
0,0.0
0,1.0
1,1.0
0,1.0
1,1.0
0,0.0
0,0.0
1,0.0
1,1.0
1,1.0
1,1.0
1,1.0
1,1.0
1,1.0
0,1.0
1,1.0
1,1.0
1,1.0
1,1.0
1,1.0
1,1.0
1,1.0
1,1.0
1,1.0
1,1.0
1,1.0
1,1.0
1,1.0
0,0.0
1,0.0
1,1.0
0,0.0
1,1.0
1,1.0
1,1.0
0,0.0
0,0.0
1,1.0
0,1.0
1,1.0
0,1.0
0,0.0
1,1.0
0,0.0
1,1.0
1,1.0
1,1.0
1,1.0
1,1.0
1,1.0
1,1.0
1,1.0
0,0.0
0,0.0
1,1.0
1,1.0
1,1.0
1,1.0
0,0.0
1,1.0
1,0.0
1,1.0
1,1.0
0,1.0
0,0.0
1,1.0
0,1.0
1,1.0
0,1.0
0,0.0
1,1.0
1,1.0
1,1.0
0,0.0
1,1.0
1,1.0
1,1.0
1,1.0
1,1.0
0,1.0
1,1.0
1,1.0
1,1.0
1,1.0
1,1.0
0,0.0
1,1.0
1,0.0
1,1.0
1,1.0
1,1.0
1,1.0
0,0.0
0,1.0
0,0.0
1,1.0
1,1.0
1,0.0
0,0.0
1,1.0
1,1.0
1,1.0
1,1.0
1,1.0
1,1.0
0,0.0
1,0.0
1,1.0
0,0.0
0,0.0
0,1.0
0,0.0
1,1.0
1,1.0
1,1.0
1,1.0
1,0.0
1,1.0
1,1.0
1,1.0
1,1.0
0,1.0
1,1.0
1,1.0
1,1.0
1,1.0
1,1.0
1,1.0
1,1.0
0,0.0
1,1.0
1,0.0
1,1.0
0,0.0
1,0.0
0,0.0
1,1.0
1,1.0
1,1.0
1,1.0
1,1.0
1,1.0
1,1.0
1,1.0
0,0.0
1,1.0
1,1.0
1,1.0
1,1.0
1,1.0
1,1.0
0,1.0
1,1.0
0,0.0
1,1.0
1,1.0
1,1.0
1,1.0
1,1.0
1,1.0
0,0.0
1,1.0
1,1.0
0,1.0
1,1.0
0,0.0
1,1.0
1,1.0
1,1.0
1,1.0
1,1.0
1,1.0
1,1.0
1,1.0
1,1.0
1,1.0
1,1.0
1,1.0
1,0.0
1,1.0
1,1.0
0,1.0
1,1.0
0,1.0
0,1.0
1,0.0
1,1.0
1,1.0
1,1.0
0,0.0
0,0.0
1,1.0
1,1.0
1,1.0
1,1.0
1,1.0
1,1.0
1,1.0
1,1.0
0,1.0
1,1.0
1,0.0
1,1.0
0,0.0
1,0.0
0,0.0
0,1.0
1,0.0
1,1.0
1,1.0
0,0.0
1,1.0
0,1.0
1,1.0
0,0.0
1,1.0
1,1.0
0,0.0
0,0.0
1,1.0
1,1.0
1,1.0
1,1.0
1,1.0
0,0.0
0,0.0
1,1.0
1,1.0
1,1.0
1,1.0
0,1.0
1,1.0
1,1.0
1,1.0
1,1.0
1,1.0
0,0.0
1,1.0
1,1.0
1,1.0
1,1.0
1,0.0
1,0.0
1,1.0
1,1.0
1,0.0
1,1.0
1,1.0
1,1.0
1,1.0
0,0.0
1,1.0
1,1.0
1,1.0
1,1.0
0,0.0
0,0.0
1,1.0
0,1.0
1,1.0
1,1.0
0,1.0
0,0.0
1,1.0
1,1.0
0,1.0
1,1.0
1,1.0
1,1.0
1,1.0
0,1.0
0,0.0
0,0.0
1,0.0
1,1.0
1,0.0
0,0.0
1,0.0
1,1.0
1,1.0
1,1.0
1,1.0
1,1.0
1,1.0
1,1.0
1,1.0
1,0.0
1,1.0
1,1.0
0,1.0
1,1.0
1,0.0
0,1.0
1,1.0
1,1.0
1,1.0
1,1.0
0,0.0
1,0.0
1,1.0
1,1.0
1,1.0
1,1.0
1,1.0
1,0.0
1,1.0
1,1.0
1,1.0
1,1.0
1,1.0
0,0.0
1,1.0
1,1.0
1,1.0
1,1.0
1,1.0
1,1.0
0,1.0
0,0.0
1,0.0
1,1.0
1,1.0
1,1.0
1,1.0
0,0.0
1,1.0
1,1.0
0,0.0
1,0.0
1,1.0
1,1.0
1,1.0
0,0.0
0,1.0
1,1.0
1,1.0
1,1.0
1,1.0
0,0.0
1,1.0
0,0.0
1,1.0
1,1.0
1,1.0
0,0.0
0,0.0
1,1.0
0,0.0
1,1.0
1,1.0
1,1.0
0,1.0
1,1.0
1,1.0
1,1.0
1,1.0
0,0.0
1,1.0
1,1.0
1,1.0
1,1.0
0,0.0
1,1.0
1,1.0
1,1.0
1,1.0
1,1.0
0,0.0
1,1.0
0,0.0
1,1.0
1,1.0
1,1.0
1,1.0
1,1.0
0,0.0
1,0.0
1,0.0
0,0.0
1,1.0
0,0.0
1,0.0
1,0.0
1,1.0
1,1.0
1,1.0
1,0.0
0,0.0
0,0.0
1,1.0
0,0.0
1,1.0
0,0.0
0,0.0
1,1.0
1,1.0
1,1.0
1,1.0
1,1.0
1,1.0
1,1.0
0,0.0
0,1.0
0,0.0
1,1.0
1,1.0
1,0.0
1,1.0
1,1.0
0,1.0
1,1.0
0,0.0
0,0.0
1,1.0
0,1.0
1,1.0
1,1.0
0,1.0
0,1.0
1,1.0
1,1.0
1,1.0
1,0.0
0,0.0
1,1.0
1,1.0
0,0.0
0,1.0
1,1.0
1,1.0
0,0.0
0,1.0
1,1.0
1,1.0
1,0.0
1,1.0
1,1.0
0,1.0
0,1.0
1,1.0
1,1.0
0,0.0
1,1.0
1,1.0
0,1.0
1,1.0
0,0.0
1,1.0
0,0.0
1,1.0
0,1.0
1,1.0
1,1.0
1,1.0
0,1.0
0,0.0
1,1.0
1,1.0
1,0.0
1,1.0
0,0.0
1,1.0
1,1.0
1,1.0
1,1.0
1,1.0
0,0.0
1,1.0
1,1.0
1,1.0
0,0.0
1,1.0
1,1.0
1,1.0
1,1.0
0,0.0
1,1.0
1,1.0
1,1.0
1,1.0
1,1.0
1,1.0
0,1.0
1,1.0
1,1.0
1,0.0
1,1.0
1,1.0
1,1.0
1,1.0
1,1.0
0,1.0
0,0.0
1,1.0
1,1.0
1,1.0
1,1.0
1,1.0
1,1.0
1,1.0
1,1.0
0,0.0
1,1.0
0,1.0
1,1.0
1,1.0
1,1.0
0,0.0
1,1.0
0,0.0
1,1.0
1,1.0
1,1.0
1,1.0
0,0.0
1,1.0
1,1.0
0,0.0
1,1.0
1,1.0
1,1.0
1,1.0
0,0.0
1,1.0
1,1.0
1,1.0
0,1.0
1,0.0
1,1.0
1,0.0
1,1.0
0,0.0
1,1.0
0,1.0
1,1.0
0,0.0
1,1.0
0,0.0
1,1.0
0,1.0
1,1.0
0,0.0
1,1.0
1,1.0
1,1.0
1,1.0
1,1.0
1,1.0
1,1.0
0,0.0
1,1.0
1,1.0
1,1.0
1,1.0
0,0.0
0,1.0
1,1.0
1,1.0
1,1.0
0,0.0
1,1.0
1,1.0
1,1.0
1,1.0
1,0.0
1,1.0
0,0.0
1,1.0
1,1.0
1,1.0
1,1.0
1,1.0
1,0.0
1,1.0
1,0.0
1,1.0
1,0.0
1,1.0
1,1.0
1,1.0
0,0.0
1,1.0
1,1.0
0,1.0
0,0.0
1,1.0
0,0.0
1,0.0
0,1.0
1,1.0
0,0.0
0,0.0
1,1.0
1,1.0
0,0.0
1,1.0
1,1.0
1,1.0
0,1.0
0,1.0
1,1.0
0,1.0
1,1.0
1,1.0
1,1.0
0,0.0
1,1.0
0,1.0
0,1.0
0,1.0
1,1.0
1,1.0
0,0.0
1,1.0
1,1.0
0,0.0
1,1.0
0,1.0
1,1.0
1,0.0
1,1.0
1,0.0
1,1.0
1,1.0
0,1.0
1,1.0
1,1.0
0,0.0
0,1.0
0,1.0
1,1.0
0,1.0
0,0.0
0,1.0
0,1.0
0,0.0
1,1.0
0,0.0
1,1.0
0,1.0
1,1.0
0,1.0
1,1.0
1,1.0
1,0.0
0,1.0
1,1.0
1,1.0
0,0.0
0,0.0
0,1.0
1,0.0
1,0.0
0,0.0
1,0.0
1,1.0
1,1.0
1,1.0
0,1.0
1,1.0
1,1.0
1,1.0
1,1.0
1,1.0
1,1.0
0,0.0
0,0.0
1,1.0
0,0.0
1,1.0
0,0.0
1,1.0
1,1.0
1,1.0
1,1.0
0,0.0
1,0.0
1,1.0
1,1.0
0,0.0
1,1.0
0,0.0
1,1.0
0,0.0
0,0.0
1,1.0
1,1.0
1,1.0
0,0.0
0,0.0
1,1.0
0,1.0
1,1.0
1,1.0
1,1.0
1,1.0
0,0.0
1,0.0
1,1.0
1,1.0
1,1.0
0,1.0
1,1.0
0,0.0
1,1.0
0,1.0
1,1.0
1,0.0
1,1.0
0,0.0
1,1.0
1,1.0
1,0.0
0,1.0
1,1.0
1,1.0
1,1.0
1,1.0
1,1.0
0,1.0
1,1.0
1,1.0
1,1.0
0,0.0
1,1.0
1,1.0
1,1.0
1,1.0
1,1.0
1,0.0
1,0.0
1,0.0
0,0.0
1,0.0
1,1.0
0,1.0
0,1.0
1,1.0
1,1.0
1,1.0
0,0.0
1,1.0
1,0.0
1,1.0
0,0.0
0,0.0
1,1.0
0,1.0
1,1.0
1,1.0
0,0.0
0,0.0
1,1.0
1,1.0
0,0.0
1,0.0
0,1.0
0,0.0
1,1.0
1,1.0
1,1.0
1,1.0
1,0.0
1,1.0
1,1.0
0,0.0
0,0.0
1,1.0
1,1.0
1,1.0
0,1.0
1,1.0
0,0.0
0,0.0
0,0.0
1,1.0
0,1.0
1,1.0
1,1.0
0,1.0
1,1.0
0,0.0
0,0.0
1,1.0
0,1.0
1,1.0
0,1.0
1,0.0
1,1.0
1,0.0
0,1.0
1,0.0
1,1.0
1,1.0
1,1.0
0,1.0
1,1.0
1,1.0
0,0.0
1,1.0
0,0.0
1,1.0
1,1.0
1,1.0
1,1.0
1,1.0
1,1.0
1,1.0
1,1.0
1,1.0
0,0.0
1,1.0
1,1.0
1,1.0
0,0.0
1,1.0
1,1.0
0,0.0
1,1.0
1,1.0
1,1.0
1,1.0
1,1.0
1,1.0
1,1.0
1,1.0
1,1.0
0,0.0
1,1.0
0,0.0
0,1.0
1,1.0
1,1.0
1,1.0
0,1.0
0,1.0
1,1.0
0,1.0
0,0.0
0,0.0
1,1.0
0,0.0
1,1.0
1,1.0
1,1.0
1,1.0
1,1.0
1,1.0
1,1.0
0,0.0
1,1.0
0,1.0
0,1.0
1,1.0
1,1.0
0,0.0
1,1.0
1,1.0
0,0.0
0,0.0
1,1.0
0,0.0
0,0.0
1,1.0
1,1.0
0,1.0
0,1.0
1,1.0
1,1.0
0,0.0
1,1.0
0,0.0
0,0.0
1,1.0
0,0.0
1,1.0
1,1.0
0,0.0
1,1.0
1,1.0
1,1.0
1,1.0
1,1.0
1,1.0
1,1.0
1,1.0
0,1.0
0,1.0
1,1.0
1,0.0
1,1.0
1,1.0
1,1.0
1,1.0
1,0.0
1,1.0
0,0.0
0,1.0
1,1.0
1,0.0
1,1.0
0,0.0
1,1.0
1,1.0
1,1.0
1,1.0
1,1.0
1,1.0
1,0.0
1,1.0
1,1.0
1,1.0
1,1.0
0,0.0
1,1.0
1,1.0
1,1.0
1,1.0
0,0.0
1,1.0
1,0.0
0,0.0
1,1.0
0,0.0
1,1.0
1,1.0
1,1.0
0,1.0
1,0.0
1,1.0
0,1.0
1,1.0
1,1.0
1,1.0
1,1.0
1,1.0
1,0.0
1,1.0
1,1.0
1,1.0
1,0.0
0,0.0
1,1.0
0,0.0
1,1.0
0,0.0
0,1.0
1,1.0
1,1.0
1,1.0
1,1.0
0,0.0
1,1.0
1,1.0
0,0.0
1,0.0
1,0.0
0,1.0
0,1.0
0,0.0
0,0.0
1,1.0
1,1.0
1,1.0
1,1.0
1,1.0
0,0.0
1,1.0
1,1.0
1,1.0
0,1.0
1,1.0
0,1.0
1,1.0
1,1.0
1,1.0
1,1.0
0,1.0
1,1.0
1,1.0
0,1.0
1,1.0
1,1.0
1,1.0
0,1.0
1,1.0
0,0.0
0,0.0
0,0.0
1,1.0
1,1.0
1,1.0
1,1.0
1,1.0
1,1.0
1,1.0
1,1.0
1,1.0
1,1.0
1,0.0
1,1.0
0,0.0
0,1.0
1,1.0
0,0.0
0,0.0
1,1.0
1,1.0
1,1.0
1,1.0
1,1.0
1,1.0
1,1.0
1,1.0
1,1.0
1,1.0
0,0.0
1,1.0
0,1.0
1,1.0
0,1.0
1,0.0
1,1.0
0,0.0
1,1.0
1,1.0
1,1.0
0,0.0
0,1.0
0,0.0
0,1.0
1,1.0
0,0.0
1,1.0
0,1.0
1,1.0
1,1.0
1,1.0
0,0.0
1,0.0
1,0.0
1,1.0
1,1.0
1,1.0
1,1.0
1,1.0
0,1.0
1,1.0
1,1.0
1,1.0
1,1.0
1,0.0
1,1.0
0,0.0
0,0.0
0,1.0
ACCURACY: 0.810909090909
